,PLAYER_ID,PLAYER_NAME,TEAM_ID,TEAM_ABBREVIATION,GP,W,L,MIN,PASSES_MADE,PASSES_RECEIVED,AST,FT_AST,SECONDARY_AST,POTENTIAL_AST,AST_POINTS_CREATED,AST_ADJ,AST_TO_PASS_PCT,AST_TO_PASS_PCT_ADJ
0,201166,Aaron Brooks,1610612750,MIN,32,19,13,5.9,9.0,10.5,0.6,0.0,0.0,1.3,1.5,0.7,0.07,0.073
1,203932,Aaron Gordon,1610612753,ORL,58,19,39,32.9,40.2,32.5,2.3,0.1,0.2,4.6,5.6,2.7,0.058,0.066
2,1626151,Aaron Harrison,1610612742,DAL,9,2,7,25.9,19.6,21.1,1.2,0.0,0.0,2.8,3.2,1.2,0.063,0.063
3,1627846,Abdel Nader,1610612738,BOS,47,32,15,11.1,8.7,9.1,0.6,0.1,0.1,1.3,1.5,0.7,0.064,0.086
4,203940,Adreian Payne,1610612753,ORL,5,0,5,8.5,10.0,6.6,0.0,0.0,0.0,0.2,0.0,0.0,0.0,0.0
5,201143,Al Horford,1610612738,BOS,69,44,25,31.5,48.9,43.0,4.7,0.1,0.3,8.0,11.6,5.1,0.095,0.103
6,2744,Al Jefferson,1610612754,IND,36,17,19,13.4,19.7,15.6,0.8,0.0,0.1,1.6,1.9,1.0,0.042,0.051
7,202329,Al-Farouq Aminu,1610612757,POR,69,40,29,30.0,25.0,19.1,1.2,0.1,0.2,2.6,3.1,1.6,0.049,0.063
8,1626210,Alan Williams,1610612756,PHX,5,1,4,14.1,17.6,15.6,1.6,0.2,0.0,3.0,5.6,2.0,0.091,0.114
9,202692,Alec Burks,1610612762,UTA,64,37,27,16.5,16.8,19.8,1.0,0.0,0.3,2.2,2.7,1.4,0.062,0.081
10,1628409,Alec Peters,1610612756,PHX,20,2,18,11.2,11.9,10.0,0.6,0.0,0.1,0.8,1.5,0.7,0.051,0.055
11,203518,Alex Abrines,1610612760,OKC,73,42,31,15.1,10.0,10.1,0.4,0.0,0.1,1.0,0.9,0.5,0.036,0.045
12,1627936,Alex Caruso,1610612747,LAL,37,16,21,15.2,24.1,23.9,2.0,0.1,0.3,4.4,4.9,2.4,0.084,0.101
13,203458,Alex Len,1610612756,PHX,69,20,49,20.2,23.6,17.2,1.2,0.1,0.1,2.6,3.1,1.3,0.05,0.057
14,1627816,Alex Poythress,1610612754,IND,25,10,15,4.2,3.8,2.4,0.1,0.0,0.0,0.2,0.2,0.1,0.021,0.032
15,1628035,Alfonzo McKinnie,1610612761,TOR,14,13,1,3.8,3.1,3.0,0.1,0.0,0.1,0.2,0.2,0.1,0.023,0.045
16,203459,Allen Crabbe,1610612751,BKN,73,24,49,29.2,29.8,31.3,1.6,0.1,0.4,3.4,3.9,2.0,0.053,0.069
17,101161,Amir Johnson,1610612755,PHI,74,47,27,15.8,21.5,17.4,1.6,0.0,0.1,2.7,3.5,1.7,0.074,0.079
18,203083,Andre Drummond,1610612765,DET,78,37,41,33.7,34.9,34.5,3.0,0.1,0.1,5.6,7.0,3.2,0.087,0.093
19,2738,Andre Iguodala,1610612744,GSW,64,46,18,25.4,36.0,32.1,3.3,0.2,0.5,5.7,7.8,4.0,0.091,0.11
20,201281,Andre Ingram,1610612747,LAL,2,1,1,32.1,23.0,26.5,3.5,0.0,0.0,4.5,9.0,3.5,0.152,0.152
21,203460,Andre Roberson,1610612760,OKC,37,24,13,26.6,19.2,12.6,1.2,0.0,0.2,1.9,2.8,1.5,0.062,0.076
22,101106,Andrew Bogut,1610612747,LAL,24,7,17,9.0,13.3,7.5,0.6,0.0,0.0,1.3,1.5,0.7,0.047,0.05
23,1626150,Andrew Harrison,1610612763,MEM,56,17,39,23.7,41.8,48.1,3.2,0.1,0.7,7.0,7.8,4.0,0.076,0.097
24,1628510,Andrew White III,1610612737,ATL,15,1,14,13.9,9.9,10.8,0.4,0.0,0.0,1.0,1.1,0.4,0.04,0.04
25,203952,Andrew Wiggins,1610612750,MIN,82,47,35,36.3,22.1,31.5,2.0,0.1,0.4,3.7,4.8,2.5,0.088,0.111
26,1627790,Ante Zizic,1610612739,CLE,32,21,11,6.7,5.8,4.1,0.2,0.0,0.1,0.3,0.4,0.2,0.027,0.038
27,1626148,Anthony Brown,1610612750,MIN,1,0,1,3.7,4.0,3.0,1.0,0.0,0.0,1.0,2.0,1.0,0.25,0.25
28,203076,Anthony Davis,1610612740,NOP,75,45,30,36.4,44.7,44.7,2.3,0.1,0.3,4.0,5.8,2.7,0.052,0.06
29,201229,Anthony Tolliver,1610612765,DET,79,37,42,22.2,38.1,20.9,1.1,0.1,0.1,2.3,2.6,1.3,0.03,0.033
30,1628469,Antonio Blakeney,1610612741,CHI,19,3,16,16.5,9.0,16.1,1.1,0.0,0.0,2.1,2.6,1.1,0.117,0.117
31,1628499,Antonius Cleveland,1610612737,ATL,17,7,10,7.2,3.8,4.4,0.1,0.0,0.0,0.6,0.3,0.1,0.031,0.031
32,203382,Aron Baynes,1610612738,BOS,78,51,27,18.4,21.0,18.1,1.2,0.1,0.1,2.3,3.1,1.4,0.056,0.065
33,201167,Arron Afflalo,1610612753,ORL,53,16,37,12.9,10.2,10.6,0.6,0.0,0.1,1.5,1.5,0.6,0.056,0.061
34,203085,Austin Rivers,1610612746,LAC,61,30,31,33.7,51.0,60.5,4.0,0.2,0.6,7.2,9.9,4.7,0.078,0.093
35,202340,Avery Bradley,1610612746,LAC,46,22,24,31.2,22.7,33.8,2.0,0.1,0.4,3.7,5.1,2.5,0.09,0.111
36,1628389,Bam Adebayo,1610612748,MIA,68,33,35,19.8,19.6,19.0,1.5,0.0,0.1,3.4,3.8,1.5,0.074,0.079
37,203463,Ben McLemore,1610612763,MEM,56,7,49,19.5,18.9,19.6,0.9,0.0,0.2,1.8,2.2,1.1,0.048,0.06
38,1628500,Ben Moore,1610612754,IND,2,1,1,4.6,4.0,1.5,0.5,0.0,0.0,0.5,1.0,0.5,0.125,0.125
39,1627732,Ben Simmons,1610612755,PHI,80,51,29,33.8,74.1,78.4,8.2,0.4,1.0,17.1,20.8,9.6,0.111,0.129
40,202687,Bismack Biyombo,1610612753,ORL,82,25,57,18.2,23.9,13.8,0.8,0.0,0.0,1.3,1.8,0.8,0.034,0.034
41,201933,Blake Griffin,1610612765,DET,58,28,30,34.0,60.7,58.8,5.8,0.1,0.4,10.2,13.9,6.1,0.095,0.101
42,1626246,Boban Marjanovic,1610612746,LAC,39,18,21,8.7,7.3,7.9,0.6,0.0,0.1,0.9,1.3,0.7,0.077,0.092
43,201628,Bobby Brown,1610612745,HOU,20,17,3,5.7,8.3,10.9,0.6,0.0,0.0,1.4,1.5,0.6,0.066,0.066
44,1626171,Bobby Portis,1610612741,CHI,73,25,48,22.5,28.8,26.3,1.7,0.0,0.1,2.9,4.3,1.8,0.058,0.064
45,203992,Bogdan Bogdanovic,1610612758,SAC,78,26,52,27.9,35.2,38.1,3.3,0.2,0.5,6.6,7.9,4.0,0.094,0.112
46,202711,Bojan Bogdanovic,1610612754,IND,80,47,33,30.8,22.2,26.9,1.5,0.1,0.2,2.7,3.6,1.7,0.067,0.078
47,203078,Bradley Beal,1610612764,WAS,82,43,39,35.9,45.2,56.4,4.5,0.3,1.1,9.0,11.1,5.9,0.101,0.13
48,201148,Brandan Wright,1610612745,HOU,28,11,17,13.6,14.8,10.8,0.5,0.0,0.1,0.8,1.2,0.6,0.031,0.039
49,1627742,Brandon Ingram,1610612747,LAL,59,27,32,33.5,36.5,42.7,3.9,0.1,0.6,8.2,9.6,4.6,0.107,0.125
50,201943,Brandon Jennings,1610612749,MIL,14,8,6,14.7,29.1,31.2,3.1,0.1,0.1,5.2,7.2,3.4,0.108,0.118
51,203464,Brandon Paul,1610612759,SAS,64,38,26,9.0,8.1,7.9,0.6,0.0,0.1,1.1,1.5,0.7,0.071,0.087
52,1627362,Briante Weber,1610612763,MEM,18,8,10,13.1,22.9,20.4,1.2,0.1,0.1,3.7,3.6,1.4,0.053,0.061
53,1627744,Brice Johnson,1610612763,MEM,18,2,16,5.4,7.1,4.4,0.1,0.0,0.1,0.3,0.1,0.1,0.016,0.016
54,201572,Brook Lopez,1610612747,LAL,74,34,40,23.4,23.8,25.8,1.7,0.1,0.2,2.9,3.9,1.9,0.072,0.078
55,203998,Bruno Caboclo,1610612758,SAC,12,4,8,8.9,10.3,6.0,0.3,0.0,0.0,0.3,0.9,0.4,0.033,0.041
56,1627854,Bryn Forbes,1610612759,SAS,80,46,34,19.0,13.9,18.6,1.0,0.0,0.3,1.9,2.6,1.3,0.072,0.094
57,1627741,Buddy Hield,1610612758,SAC,80,27,53,25.3,23.6,29.5,1.9,0.1,0.2,3.9,4.7,2.3,0.082,0.096
58,203710,C.J. Williams,1610612746,LAC,38,17,21,18.6,14.3,15.3,1.1,0.1,0.1,1.7,2.6,1.3,0.079,0.09
59,203468,CJ McCollum,1610612757,POR,81,48,33,36.1,35.0,51.0,3.4,0.1,0.5,7.0,8.3,4.0,0.096,0.113
60,101139,CJ Miles,1610612761,TOR,70,50,20,19.1,12.7,16.0,0.8,0.0,0.1,1.3,1.8,0.9,0.062,0.072
61,1628403,Caleb Swanigan,1610612757,POR,27,16,11,7.0,5.9,5.7,0.5,0.0,0.0,1.1,1.3,0.5,0.088,0.088
62,1626166,Cameron Payne,1610612741,CHI,25,7,18,23.3,46.0,49.0,4.5,0.1,0.2,8.7,11.2,4.8,0.098,0.104
63,1627747,Caris LeVert,1610612751,BKN,69,24,45,26.1,35.5,43.0,4.1,0.2,0.4,8.1,10.4,4.8,0.116,0.134
64,2546,Carmelo Anthony,1610612760,OKC,76,46,30,32.0,36.0,28.8,1.3,0.0,0.1,2.2,3.3,1.4,0.036,0.039
65,1626224,Cedi Osman,1610612739,CLE,61,35,26,11.0,10.5,8.5,0.7,0.0,0.1,1.0,1.8,0.8,0.064,0.078
66,202718,Chandler Parsons,1610612763,MEM,36,12,24,19.2,21.6,22.5,1.9,0.0,0.3,3.5,4.5,2.2,0.089,0.103
67,101112,Channing Frye,1610612747,LAL,53,28,25,13.1,17.1,12.2,0.7,0.1,0.1,1.6,2.1,1.0,0.042,0.06
68,1628429,Charles Cooke,1610612740,NOP,13,8,5,2.9,1.8,2.5,0.1,0.0,0.0,0.1,0.2,0.1,0.043,0.043
69,1627767,Cheick Diallo,1610612740,NOP,52,29,23,11.2,12.6,6.7,0.4,0.0,0.0,0.5,0.8,0.3,0.029,0.027
70,1627778,Chinanu Onuaku,1610612745,HOU,1,0,1,21.6,18.0,18.0,1.0,0.0,0.0,2.0,3.0,1.0,0.056,0.056
71,1628449,Chris Boucher,1610612744,GSW,1,1,0,1.3,3.0,3.0,0.0,0.0,0.0,0.0,0.0,0.0,0.0,0.0
72,1626191,Chris McCullough,1610612764,WAS,19,11,8,4.7,6.7,4.3,0.2,0.1,0.0,0.4,0.5,0.3,0.031,0.039
73,101108,Chris Paul,1610612745,HOU,58,50,8,31.8,50.4,59.4,7.9,0.4,0.6,15.4,21.0,8.9,0.156,0.176
74,203991,Clint Capela,1610612745,HOU,74,62,12,27.5,38.4,23.1,0.9,0.0,0.2,2.3,2.4,1.1,0.024,0.03
75,203469,Cody Zeller,1610612766,CHA,33,14,19,19.0,13.3,12.8,0.9,0.0,0.1,1.7,2.5,1.1,0.07,0.084
76,202332,Cole Aldrich,1610612750,MIN,21,14,7,2.3,2.8,2.0,0.1,0.0,0.0,0.1,0.3,0.1,0.051,0.051
77,201147,Corey Brewer,1610612760,OKC,72,32,40,16.8,10.3,10.3,0.9,0.1,0.0,1.8,2.2,1.0,0.087,0.1
78,202709,Cory Joseph,1610612754,IND,82,48,34,27.0,40.7,44.9,3.2,0.1,0.5,6.4,7.5,3.7,0.078,0.091
79,201584,Courtney Lee,1610612752,NYK,75,26,49,30.4,25.9,32.5,2.4,0.1,0.3,4.8,5.6,2.8,0.092,0.107
80,1626245,Cristiano Felicio,1610612741,CHI,55,13,42,17.8,15.1,14.8,1.0,0.1,0.1,2.0,2.5,1.1,0.066,0.076
81,1626156,D'Angelo Russell,1610612751,BKN,48,16,32,25.7,45.7,59.3,5.2,0.4,0.5,10.4,13.0,6.0,0.113,0.131
82,201571,D.J. Augustin,1610612753,ORL,75,23,52,23.5,40.7,48.3,3.8,0.2,0.5,8.3,9.1,4.5,0.094,0.109
83,1628391,D.J. Wilson,1610612749,MIL,22,12,10,3.2,3.9,2.7,0.1,0.0,0.0,0.4,0.3,0.2,0.035,0.047
84,1626177,Dakari Johnson,1610612760,OKC,30,21,9,4.9,4.3,3.8,0.2,0.0,0.0,0.4,0.6,0.3,0.055,0.063
85,1627745,Damian Jones,1610612744,GSW,15,7,8,5.9,4.9,4.5,0.1,0.0,0.0,0.5,0.3,0.1,0.027,0.027
86,203081,Damian Lillard,1610612757,POR,73,44,29,36.6,54.2,71.9,6.6,0.3,0.8,12.7,15.7,7.6,0.122,0.141
87,2863,Damien Wilkins,1610612754,IND,19,10,9,8.0,7.3,7.6,0.5,0.0,0.1,0.8,1.2,0.5,0.065,0.072
88,1627814,Damion Lee,1610612737,ATL,15,4,11,27.0,28.3,28.5,1.9,0.1,0.3,4.8,4.9,2.4,0.068,0.085
89,1628422,Damyean Dotson,1610612752,NYK,44,11,33,10.8,9.5,10.3,0.7,0.1,0.1,1.4,1.8,0.9,0.074,0.091
90,1627772,Daniel Hamilton,1610612760,OKC,6,5,1,4.6,8.2,9.2,1.3,0.0,0.0,2.2,2.8,1.3,0.163,0.163
91,1628464,Daniel Theis,1610612738,BOS,60,41,19,14.9,18.1,14.1,0.9,0.0,0.0,1.6,2.5,1.0,0.051,0.054
92,201568,Danilo Gallinari,1610612746,LAC,21,11,10,32.0,34.4,33.8,2.0,0.1,0.4,3.6,4.6,2.4,0.057,0.071
93,201980,Danny Green,1610612759,SAS,70,40,30,25.6,28.4,26.2,1.6,0.1,0.3,2.8,3.7,2.0,0.055,0.071
94,201967,Dante Cunningham,1610612751,BKN,73,34,39,21.4,21.9,14.5,0.7,0.0,0.1,1.3,1.7,0.8,0.03,0.035
95,203957,Dante Exum,1610612762,UTA,14,10,4,16.8,24.9,30.5,3.1,0.1,0.2,4.7,7.1,3.3,0.123,0.132
96,1627863,Danuel House,1610612756,PHX,23,6,17,17.5,14.2,14.3,1.1,0.0,0.1,2.2,2.7,1.2,0.076,0.083
97,203967,Dario Saric,1610612755,PHI,77,49,28,29.6,44.7,37.5,2.6,0.1,0.2,4.7,6.4,2.9,0.058,0.066
98,203121,Darius Miller,1610612740,NOP,82,48,34,23.7,15.8,17.4,1.4,0.1,0.1,2.5,3.1,1.5,0.086,0.093
99,201589,Darrell Arthur,1610612743,DEN,19,12,7,7.4,8.4,7.5,0.5,0.1,0.1,0.8,1.4,0.6,0.056,0.069
100,201954,Darren Collison,1610612754,IND,69,39,30,29.3,49.6,57.1,5.3,0.2,0.5,10.1,12.7,6.0,0.108,0.121
101,1626199,Darrun Hilliard,1610612759,SAS,14,8,6,6.8,7.6,7.5,0.8,0.1,0.0,1.1,1.9,0.8,0.103,0.103
102,1628021,David Nwaba,1610612741,CHI,70,26,44,23.5,14.1,16.0,1.5,0.1,0.2,2.9,3.7,1.7,0.105,0.123
103,204065,David Stockton,1610612762,UTA,3,3,0,3.1,4.3,7.0,0.0,0.0,0.0,0.7,0.0,0.0,0.0,0.0
104,2561,David West,1610612744,GSW,73,52,21,13.7,19.2,18.9,1.9,0.2,0.2,3.4,4.6,2.2,0.098,0.116
105,202722,Davis Bertans,1610612759,SAS,77,43,34,14.1,18.3,14.0,1.0,0.0,0.1,1.4,2.3,1.1,0.052,0.058
106,1628432,Davon Reed,1610612756,PHX,21,2,19,11.5,11.0,10.4,0.6,0.1,0.1,1.8,1.6,0.9,0.056,0.078
107,1628368,De'Aaron Fox,1610612758,SAC,73,24,49,27.7,50.9,61.0,4.4,0.1,0.5,8.6,10.5,5.0,0.086,0.098
108,201599,DeAndre Jordan,1610612746,LAC,77,39,38,31.5,43.5,22.7,1.5,0.1,0.2,2.6,3.7,1.8,0.035,0.041
109,202732,DeAndre Liggins,1610612740,NOP,57,34,23,12.4,9.6,9.4,0.8,0.0,0.1,1.8,1.9,0.9,0.086,0.095
110,1627761,DeAndre' Bembry,1610612737,ATL,25,8,17,18.2,21.8,23.2,2.0,0.0,0.1,4.2,4.6,2.1,0.09,0.096
111,201942,DeMar DeRozan,1610612761,TOR,80,57,23,33.9,37.6,54.9,5.2,0.1,0.8,10.4,13.1,6.1,0.139,0.161
112,202326,DeMarcus Cousins,1610612740,NOP,48,27,21,36.2,59.9,60.7,5.4,0.2,0.4,9.3,12.8,5.9,0.089,0.099
113,201960,DeMarre Carroll,1610612751,BKN,71,24,47,29.9,36.5,32.4,2.0,0.0,0.4,4.2,5.1,2.4,0.056,0.066
114,1627749,Dejounte Murray,1610612759,SAS,81,47,34,21.5,40.8,41.4,2.9,0.0,0.7,5.7,6.8,3.6,0.07,0.087
115,1626153,Delon Wright,1610612761,TOR,69,49,20,20.8,32.6,34.5,2.9,0.1,0.4,5.9,7.4,3.4,0.089,0.105
116,1627743,Demetrius Jackson,1610612755,PHI,15,12,3,5.3,9.9,10.7,0.6,0.0,0.0,1.8,1.4,0.6,0.061,0.061
117,203471,Dennis Schroder,1610612737,ATL,66,21,45,30.9,62.7,79.8,6.2,0.2,0.7,12.4,15.5,7.1,0.099,0.114
118,1628372,Dennis Smith Jr.,1610612742,DAL,69,22,47,29.7,57.3,67.3,5.2,0.2,0.9,10.7,13.1,6.2,0.091,0.107
119,1627756,Denzel Valentine,1610612741,CHI,77,26,51,27.2,27.9,30.7,3.2,0.2,0.2,6.5,7.8,3.6,0.113,0.128
120,202324,Derrick Favors,1610612762,UTA,77,46,31,28.0,39.3,30.2,1.3,0.0,0.2,2.5,3.5,1.6,0.034,0.04
121,1627884,Derrick Jones Jr.,1610612748,MIA,20,9,11,12.3,7.2,6.5,0.5,0.1,0.1,0.9,1.3,0.6,0.063,0.077
122,201565,Derrick Rose,1610612750,MIN,25,15,10,16.8,18.6,24.6,1.5,0.0,0.4,2.3,3.7,1.9,0.08,0.101
123,1628476,Derrick Walton Jr.,1610612748,MIA,16,8,8,9.2,14.1,12.6,1.0,0.0,0.1,2.5,2.4,1.1,0.071,0.076
124,1628401,Derrick White,1610612759,SAS,17,7,10,8.2,10.6,10.5,0.5,0.0,0.0,0.9,1.2,0.5,0.05,0.05
125,202682,Derrick Williams,1610612747,LAL,2,1,1,4.3,4.5,4.5,0.0,0.0,0.0,1.0,0.0,0.0,0.0,0.0
126,1626164,Devin Booker,1610612756,PHX,54,16,38,34.5,38.8,58.4,4.7,0.3,0.5,9.6,11.4,5.5,0.121,0.141
127,2734,Devin Harris,1610612743,DEN,71,33,38,18.9,24.1,27.7,2.1,0.1,0.2,3.8,5.0,2.3,0.089,0.095
128,1628421,Devin Robinson,1610612764,WAS,1,0,1,13.2,17.0,10.0,0.0,0.0,0.0,3.0,0.0,0.0,0.0,0.0
129,203473,Dewayne Dedmon,1610612737,ATL,61,18,43,24.9,31.8,23.8,1.4,0.0,0.1,2.3,3.5,1.5,0.045,0.048
130,1627738,Deyonta Davis,1610612763,MEM,62,16,46,15.2,16.8,11.5,0.6,0.0,0.0,1.3,1.8,0.7,0.038,0.043
131,1628415,Dillon Brooks,1610612763,MEM,82,22,60,28.7,26.2,30.0,1.6,0.1,0.4,3.7,3.8,2.1,0.063,0.079
132,203079,Dion Waiters,1610612748,MIA,29,15,14,30.8,36.2,48.8,3.9,0.1,0.5,7.6,10.0,4.5,0.107,0.124
133,1717,Dirk Nowitzki,1610612742,DAL,77,24,53,24.7,31.0,27.8,1.6,0.1,0.2,2.4,4.0,1.9,0.05,0.06
134,1627734,Domantas Sabonis,1610612754,IND,74,45,29,24.5,42.2,31.8,2.0,0.1,0.2,3.9,5.2,2.3,0.048,0.055
135,1628378,Donovan Mitchell,1610612762,UTA,79,46,33,33.4,37.2,53.2,3.7,0.2,0.5,6.8,9.4,4.4,0.099,0.117
136,1627827,Dorian Finney-Smith,1610612742,DAL,21,4,17,21.3,19.6,17.0,1.2,0.0,0.0,2.5,3.2,1.3,0.063,0.068
137,203926,Doug McDermott,1610612742,DAL,80,29,51,21.7,18.5,18.7,1.0,0.1,0.2,1.8,2.4,1.2,0.053,0.064
138,1627733,Dragan Bender,1610612756,PHX,82,21,61,25.2,36.8,23.1,1.6,0.1,0.1,3.1,3.7,1.8,0.043,0.048
139,203110,Draymond Green,1610612744,GSW,70,48,22,32.7,63.8,50.9,7.3,0.3,0.8,12.2,17.3,8.3,0.114,0.13
140,1628407,Dwayne Bacon,1610612766,CHA,53,25,28,13.5,9.3,9.5,0.7,0.0,0.2,1.5,1.9,1.0,0.077,0.103
141,202779,Dwight Buycks,1610612765,DET,29,10,19,14.7,24.3,32.0,2.0,0.1,0.4,4.1,5.1,2.5,0.084,0.104
142,2730,Dwight Howard,1610612766,CHA,81,35,46,30.4,30.7,24.7,1.3,0.1,0.1,2.6,3.3,1.5,0.042,0.049
143,203939,Dwight Powell,1610612742,DAL,79,23,56,21.2,25.6,18.4,1.2,0.0,0.2,2.4,2.9,1.4,0.045,0.053
144,2548,Dwyane Wade,1610612748,MIA,67,37,30,22.9,32.6,36.7,3.4,0.2,0.3,6.9,8.5,3.9,0.105,0.121
145,202734,E'Twaun Moore,1610612740,NOP,82,48,34,31.5,26.2,29.7,2.3,0.1,0.3,4.2,5.4,2.7,0.087,0.104
146,202334,Ed Davis,1610612757,POR,78,48,30,18.9,25.0,11.1,0.5,0.0,0.0,1.4,1.4,0.6,0.02,0.023
147,1628410,Edmond Sumner,1610612754,IND,1,0,1,2.2,2.0,3.0,0.0,0.0,0.0,0.0,0.0,0.0,0.0,0.0
148,202327,Ekpe Udoh,1610612762,UTA,63,36,27,12.9,15.0,10.4,0.8,0.0,0.0,1.6,2.1,0.9,0.056,0.058
149,203901,Elfrid Payton,1610612756,PHX,63,13,50,28.7,48.6,56.6,6.2,0.3,0.6,12.9,15.3,7.1,0.128,0.147
150,2731,Emeka Okafor,1610612740,NOP,26,16,10,13.6,10.1,6.8,0.3,0.0,0.0,0.6,1.0,0.4,0.03,0.038
151,1626144,Emmanuel Mudiay,1610612752,NYK,64,29,35,19.4,33.0,40.4,3.2,0.2,0.3,5.9,7.8,3.6,0.097,0.11
152,202683,Enes Kanter,1610612752,NYK,70,26,44,25.8,37.8,26.7,1.5,0.0,0.2,2.8,3.5,1.7,0.039,0.045
153,202339,Eric Bledsoe,1610612749,MIL,74,40,34,31.1,51.2,59.2,4.9,0.3,0.7,9.4,11.9,6.0,0.097,0.118
154,201569,Eric Gordon,1610612745,HOU,69,55,14,31.2,21.5,33.1,2.2,0.1,0.2,4.1,5.8,2.6,0.104,0.119
155,203961,Eric Moreland,1610612765,DET,67,32,35,12.0,13.1,11.2,1.2,0.0,0.1,2.2,2.9,1.3,0.089,0.099
156,1628571,Erik McCree,1610612762,UTA,4,4,0,1.9,1.8,1.8,0.0,0.0,0.0,0.5,0.0,0.0,0.0,0.0
157,101141,Ersan Ilyasova,1610612755,PHI,69,36,33,25.1,34.2,26.6,1.3,0.0,0.2,2.4,3.2,1.5,0.038,0.045
158,203095,Evan Fournier,1610612753,ORL,57,20,37,32.2,23.3,33.0,2.9,0.1,0.3,5.0,7.0,3.3,0.124,0.14
159,202323,Evan Turner,1610612757,POR,79,48,31,25.7,28.2,27.6,2.2,0.1,0.2,4.7,5.3,2.4,0.078,0.086
160,1626163,Frank Kaminsky,1610612766,CHA,79,35,44,23.2,35.8,27.0,1.6,0.1,0.3,3.1,4.3,2.1,0.046,0.057
161,1628412,Frank Mason,1610612758,SAC,52,17,35,18.9,32.5,39.4,2.8,0.1,0.5,5.9,6.7,3.3,0.087,0.101
162,1628373,Frank Ntilikina,1610612752,NYK,77,27,50,22.0,38.1,42.8,3.2,0.2,0.6,6.4,7.9,3.9,0.085,0.104
163,1627832,Fred VanVleet,1610612761,TOR,76,55,21,20.0,29.5,33.6,3.2,0.2,0.6,6.4,7.8,3.9,0.108,0.131
164,1627788,Furkan Korkmaz,1610612755,PHI,14,11,3,5.7,4.0,4.8,0.3,0.0,0.2,0.4,0.6,0.5,0.071,0.125
165,202066,Garrett Temple,1610612758,SAC,65,23,42,24.8,27.9,29.7,1.9,0.1,0.3,3.5,4.3,2.3,0.068,0.081
166,203914,Gary Harris,1610612743,DEN,67,37,30,34.4,24.6,35.6,2.9,0.1,0.5,4.8,7.0,3.4,0.118,0.138
167,1627780,Gary Payton II,1610612747,LAL,23,10,13,9.6,11.0,9.7,0.9,0.0,0.0,1.7,2.2,1.0,0.083,0.087
168,201588,George Hill,1610612739,CLE,67,28,39,27.0,42.6,46.4,2.8,0.1,0.4,5.8,6.8,3.3,0.065,0.076
169,1627777,Georges Niang,1610612762,UTA,9,9,0,3.5,3.1,3.6,0.3,0.0,0.0,0.2,0.4,0.2,0.107,0.071
170,1627834,Georgios Papagiannis,1610612757,POR,17,3,14,7.2,10.9,6.7,0.5,0.0,0.1,0.8,1.4,0.6,0.049,0.054
171,101123,Gerald Green,1610612745,HOU,41,33,8,22.7,16.8,19.4,0.6,0.0,0.1,1.5,1.5,0.7,0.036,0.044
172,1628492,Gian Clavell,1610612742,DAL,7,0,7,9.1,6.4,7.6,0.4,0.1,0.0,0.9,1.4,0.6,0.067,0.089
173,203507,Giannis Antetokounmpo,1610612749,MIL,74,39,35,36.4,57.4,56.1,4.8,0.1,0.8,9.3,12.1,5.7,0.083,0.099
174,203922,Glenn Robinson III,1610612754,IND,23,14,9,14.7,11.8,10.7,0.7,0.0,0.2,1.0,1.6,1.0,0.063,0.081
175,201609,Goran Dragic,1610612748,MIA,74,38,36,31.7,57.7,66.7,4.8,0.2,0.9,10.1,11.7,5.9,0.083,0.102
176,202330,Gordon Hayward,1610612738,BOS,1,0,1,5.3,7.0,5.0,0.0,0.0,0.0,0.0,0.0,0.0,0.0,0.0
177,203476,Gorgui Dieng,1610612750,MIN,79,45,34,16.9,21.6,15.7,0.9,0.0,0.2,1.9,2.3,1.1,0.042,0.05
178,202328,Greg Monroe,1610612738,BOS,50,21,29,20.5,26.7,24.4,2.3,0.1,0.1,4.1,5.4,2.4,0.085,0.091
179,1627824,Guerschon Yabusele,1610612738,BOS,32,23,9,7.3,11.1,9.2,0.5,0.0,0.1,0.9,1.3,0.6,0.045,0.051
180,203084,Harrison Barnes,1610612742,DAL,77,24,53,34.2,39.1,37.0,2.0,0.1,0.3,3.7,5.2,2.4,0.05,0.06
181,202355,Hassan Whiteside,1610612748,MIA,54,30,24,25.3,18.8,20.1,1.0,0.0,0.0,2.0,2.4,1.0,0.053,0.055
182,1627740,Henry Ellenson,1610612765,DET,38,21,17,8.7,14.6,9.3,0.5,0.0,0.0,1.0,1.4,0.6,0.036,0.04
183,203546,Ian Clark,1610612740,NOP,74,43,31,19.7,17.8,21.1,1.5,0.0,0.2,2.6,3.5,1.7,0.084,0.097
184,101133,Ian Mahinmi,1610612764,WAS,77,42,35,14.8,15.8,10.1,0.7,0.1,0.2,1.2,1.7,0.9,0.044,0.057
185,1628387,Ike Anigbogu,1610612754,IND,11,5,6,2.7,4.0,2.5,0.0,0.0,0.0,0.0,0.0,0.0,0.0,0.0
186,202697,Iman Shumpert,1610612758,SAC,14,9,5,19.7,22.6,20.4,1.2,0.1,0.4,1.9,3.4,1.7,0.054,0.076
187,203477,Isaiah Canaan,1610612756,PHX,20,9,11,21.1,41.4,46.8,3.8,0.3,0.4,8.2,9.9,4.5,0.092,0.109
188,1628439,Isaiah Hicks,1610612752,NYK,18,4,14,13.3,13.4,11.5,0.9,0.1,0.1,1.7,2.4,1.0,0.066,0.075
189,1627819,Isaiah Taylor,1610612737,ATL,67,18,49,17.4,30.4,36.2,3.1,0.1,0.2,6.1,8.0,3.4,0.101,0.111
190,202738,Isaiah Thomas,1610612747,LAL,32,15,17,26.9,37.0,51.7,4.8,0.3,0.7,9.0,11.7,5.6,0.129,0.151
191,1627785,Isaiah Whitehead,1610612751,BKN,15,2,13,10.9,12.4,17.5,1.3,0.0,0.1,2.7,2.9,1.3,0.102,0.108
192,202397,Ish Smith,1610612765,DET,82,39,43,24.9,48.7,55.3,4.4,0.1,0.6,9.2,11.3,5.1,0.09,0.105
193,1628397,Ivan Rabb,1610612763,MEM,36,6,30,14.3,18.5,13.7,0.9,0.1,0.1,1.6,2.1,1.1,0.048,0.059
194,1627826,Ivica Zubac,1610612747,LAL,43,19,24,9.5,13.0,8.8,0.6,0.0,0.0,0.8,1.3,0.6,0.045,0.048
195,200826,J.J. Barea,1610612742,DAL,69,23,46,23.2,48.5,54.7,6.3,0.3,0.8,11.1,15.0,7.3,0.13,0.151
196,200755,JJ Redick,1610612755,PHI,69,45,24,30.2,28.7,38.5,3.0,0.1,0.5,5.1,7.2,3.6,0.104,0.124
197,2747,JR Smith,1610612739,CLE,80,49,31,28.1,22.3,22.2,1.8,0.1,0.3,3.4,4.4,2.1,0.079,0.094
198,203960,JaKarr Sampson,1610612758,SAC,22,6,16,15.6,15.1,9.7,0.4,0.0,0.0,1.3,1.0,0.4,0.027,0.027
199,203210,JaMychal Green,1610612763,MEM,55,11,44,28.0,33.9,23.7,1.4,0.1,0.2,2.7,3.4,1.7,0.042,0.049
200,201580,JaVale McGee,1610612744,GSW,65,45,20,9.5,9.4,7.5,0.5,0.0,0.0,0.8,1.3,0.6,0.054,0.062
201,1628444,Jabari Bird,1610612738,BOS,13,8,5,8.8,5.2,5.8,0.6,0.1,0.2,0.8,1.6,0.9,0.118,0.176
202,203953,Jabari Parker,1610612749,MIL,31,16,15,24.0,31.5,27.6,1.9,0.1,0.2,3.9,4.1,2.0,0.061,0.064
203,204022,Jack Cooley,1610612758,SAC,7,4,3,12.5,12.9,11.6,0.9,0.1,0.0,1.1,1.6,0.9,0.067,0.067
204,1626643,Jacob Pullen,1610612755,PHI,3,2,1,2.0,2.0,3.0,0.0,0.0,0.0,0.7,0.0,0.0,0.0,0.0
205,1628451,Jacob Wiley,1610612751,BKN,4,1,3,8.1,10.0,4.5,0.5,0.0,0.0,0.5,1.0,0.5,0.05,0.05
206,203109,Jae Crowder,1610612762,UTA,80,52,28,26.1,27.9,23.3,1.2,0.0,0.1,1.9,3.1,1.4,0.044,0.05
207,1626143,Jahlil Okafor,1610612751,BKN,28,7,21,12.6,13.6,13.7,0.4,0.0,0.0,1.0,1.2,0.5,0.031,0.034
208,1627774,Jake Layman,1610612757,POR,35,22,13,4.6,3.6,3.9,0.3,0.0,0.0,0.4,0.8,0.3,0.087,0.094
209,1627751,Jakob Poeltl,1610612761,TOR,82,59,23,18.6,20.5,13.5,0.7,0.0,0.1,1.4,1.8,0.8,0.034,0.041
210,1627883,Jalen Jones,1610612742,DAL,16,3,13,11.3,9.5,8.3,0.3,0.0,0.1,0.9,0.8,0.4,0.026,0.046
211,2037,Jamal Crawford,1610612750,MIN,80,45,35,20.7,17.7,26.4,2.3,0.3,0.3,4.0,5.6,2.8,0.131,0.159
212,1627750,Jamal Murray,1610612743,DEN,81,46,35,31.7,52.9,61.6,3.4,0.1,0.8,6.9,8.2,4.2,0.064,0.08
213,1627866,Jameel Warney,1610612742,DAL,3,1,2,9.0,7.0,7.3,0.0,0.0,0.0,0.3,0.0,0.0,0.0,0.0
214,2749,Jameer Nelson,1610612765,DET,50,25,25,20.3,41.3,41.8,3.6,0.1,0.6,6.7,8.7,4.2,0.087,0.101
215,1628503,Jamel Artis,1610612753,ORL,15,4,11,18.6,17.7,17.2,1.2,0.1,0.3,3.1,3.1,1.5,0.068,0.083
216,203516,James Ennis III,1610612765,DET,72,25,47,22.3,14.3,14.0,1.0,0.1,0.2,2.0,2.3,1.3,0.069,0.088
217,201935,James Harden,1610612745,HOU,72,59,13,35.4,51.2,73.2,8.8,0.6,0.8,16.3,21.7,10.1,0.171,0.197
218,201949,James Johnson,1610612748,MIA,72,36,36,26.6,40.6,34.4,3.8,0.2,0.2,7.6,10.1,4.2,0.095,0.103
219,203949,James Michael McAdoo,1610612755,PHI,3,1,2,6.0,6.7,6.0,0.0,0.0,0.0,0.0,0.0,0.0,0.0,0.0
220,1627821,James Webb III,1610612751,BKN,10,1,9,12.0,18.8,10.5,0.4,0.0,0.1,0.6,1.1,0.5,0.021,0.027
221,203923,James Young,1610612755,PHI,6,4,2,10.2,5.8,7.3,0.3,0.0,0.0,0.7,1.2,0.5,0.057,0.086
222,203966,Jamil Wilson,1610612746,LAC,15,6,9,18.3,20.7,16.0,0.7,0.0,0.0,1.6,1.6,0.7,0.032,0.032
223,201162,Jared Dudley,1610612756,PHX,48,7,41,14.3,24.7,16.4,1.6,0.1,0.1,3.0,3.9,1.8,0.066,0.072
224,204067,Jarell Eddie,1610612741,CHI,3,1,2,2.9,2.0,2.0,0.0,0.0,0.0,1.0,0.0,0.0,0.0,0.0
225,1626185,Jarell Martin,1610612763,MEM,73,21,52,22.7,26.6,18.6,1.0,0.1,0.1,2.0,2.6,1.2,0.038,0.045
226,1628386,Jarrett Allen,1610612751,BKN,70,24,46,20.0,24.3,18.8,0.7,0.0,0.1,1.4,1.6,0.8,0.029,0.033
227,101127,Jarrett Jack,1610612752,NYK,61,25,36,24.8,51.0,57.8,5.6,0.1,0.6,10.2,13.2,6.3,0.11,0.124
228,201160,Jason Smith,1610612764,WAS,33,15,18,8.6,11.4,8.3,0.4,0.0,0.1,1.0,1.0,0.5,0.037,0.042
229,1891,Jason Terry,1610612749,MIL,51,27,24,16.0,14.9,13.3,1.2,0.1,0.1,2.0,2.8,1.3,0.078,0.086
230,1628393,Jawun Evans,1610612746,LAC,48,24,24,16.2,24.6,27.5,2.1,0.1,0.3,3.9,5.0,2.5,0.085,0.102
231,1627759,Jaylen Brown,1610612738,BOS,67,44,23,30.6,23.2,25.7,1.7,0.1,0.2,3.1,4.1,1.9,0.072,0.083
232,1628537,Jaylen Morris,1610612737,ATL,6,2,4,16.4,11.0,10.8,1.2,0.0,0.0,2.2,2.3,1.0,0.106,0.091
233,1628369,Jayson Tatum,1610612738,BOS,77,50,27,30.7,27.8,28.0,1.6,0.0,0.2,3.1,4.0,1.9,0.058,0.067
234,201145,Jeff Green,1610612739,CLE,78,47,31,23.4,22.1,22.4,1.3,0.0,0.2,2.3,3.1,1.4,0.058,0.065
235,201952,Jeff Teague,1610612750,MIN,70,41,29,33.0,57.4,66.5,7.0,0.5,0.5,12.1,16.9,8.0,0.122,0.14
236,203481,Jeff Withey,1610612742,DAL,10,2,8,3.9,3.7,3.7,0.0,0.0,0.0,0.3,0.0,0.0,0.0,0.0
237,203924,Jerami Grant,1610612760,OKC,80,48,32,20.3,22.5,16.1,0.7,0.1,0.1,1.8,2.1,0.9,0.031,0.038
238,202379,Jeremy Evans,1610612737,ATL,1,0,1,5.4,6.0,5.0,0.0,0.0,0.0,1.0,0.0,0.0,0.0,0.0
239,203087,Jeremy Lamb,1610612766,CHA,80,36,44,24.6,22.3,27.0,2.3,0.2,0.4,4.5,5.9,2.9,0.104,0.132
240,202391,Jeremy Lin,1610612751,BKN,1,0,1,25.2,32.0,49.0,4.0,0.0,0.0,7.0,12.0,4.0,0.125,0.125
241,1626170,Jerian Grant,1610612741,CHI,74,24,50,22.8,40.5,44.4,4.6,0.1,0.4,8.9,11.3,5.1,0.114,0.126
242,201573,Jerryd Bayless,1610612755,PHI,38,21,17,23.9,20.9,25.9,1.4,0.1,0.4,3.1,3.5,1.9,0.068,0.089
243,202710,Jimmy Butler,1610612750,MIN,59,37,22,36.7,40.6,48.0,4.9,0.2,0.4,9.2,11.5,5.4,0.12,0.134
244,201149,Joakim Noah,1610612752,NYK,7,1,6,5.7,11.0,6.9,0.6,0.0,0.0,2.0,1.4,0.6,0.052,0.052
245,201975,Jodie Meeks,1610612764,WAS,77,41,36,14.4,12.8,16.1,0.9,0.1,0.1,1.8,2.1,1.1,0.071,0.083
246,203925,Joe Harris,1610612751,BKN,77,26,51,25.3,26.6,26.1,1.6,0.1,0.3,3.6,4.2,2.1,0.062,0.077
247,204060,Joe Ingles,1610612762,UTA,82,48,34,31.4,38.7,42.1,4.8,0.5,0.5,8.6,11.6,5.7,0.123,0.147
248,2207,Joe Johnson,1610612745,HOU,55,35,20,21.9,25.7,21.3,1.5,0.1,0.2,3.6,3.8,1.7,0.059,0.067
249,1626202,Joe Young,1610612754,IND,53,28,25,10.5,11.9,14.7,0.7,0.0,0.1,1.6,1.8,0.9,0.062,0.073
250,1627762,Joel Bolomboy,1610612749,MIL,6,3,3,6.3,5.8,3.8,0.0,0.0,0.2,0.7,0.0,0.2,0.0,0.029
251,203954,Joel Embiid,1610612755,PHI,62,41,21,30.3,50.6,51.5,3.1,0.2,0.3,5.7,7.8,3.6,0.062,0.071
252,203530,Joffrey Lauvergne,1610612759,SAS,55,30,25,9.7,10.5,8.9,0.7,0.1,0.1,1.4,1.8,0.9,0.071,0.082
253,1628381,John Collins,1610612737,ATL,73,21,52,24.1,36.3,25.7,1.3,0.0,0.2,2.5,3.4,1.5,0.037,0.042
254,203089,John Henson,1610612749,MIL,75,39,36,25.8,21.4,18.7,1.5,0.1,0.1,2.3,3.6,1.7,0.07,0.079
255,204066,John Holland,1610612739,CLE,24,17,7,7.3,5.0,5.7,0.2,0.0,0.1,0.5,0.5,0.3,0.042,0.058
256,202322,John Wall,1610612764,WAS,41,23,18,33.8,54.2,69.5,9.4,0.3,0.7,17.6,23.3,10.5,0.173,0.194
257,1628405,Johnathan Motley,1610612742,DAL,11,1,10,16.0,17.2,15.8,0.6,0.0,0.1,1.2,1.5,0.7,0.037,0.042
258,203948,Johnny O'Bryant III,1610612766,CHA,36,15,21,10.5,11.6,9.8,0.4,0.0,0.1,1.3,1.0,0.5,0.034,0.041
259,202720,Jon Leuer,1610612765,DET,8,5,3,17.1,22.0,15.6,0.6,0.0,0.3,1.4,1.3,0.9,0.028,0.04
260,201973,Jonas Jerebko,1610612762,UTA,74,45,29,15.3,22.4,16.7,0.6,0.0,0.1,1.2,1.4,0.7,0.025,0.031
261,202685,Jonas Valanciunas,1610612761,TOR,77,56,21,22.4,35.3,24.0,1.1,0.0,0.2,2.1,2.8,1.3,0.03,0.036
262,1626780,Jonathan Gibson,1610612738,BOS,4,2,2,10.0,6.8,12.5,1.0,0.0,0.0,1.8,2.3,1.0,0.148,0.148
263,1628371,Jonathan Isaac,1610612753,ORL,27,11,16,19.8,20.9,13.3,0.7,0.1,0.1,1.4,1.7,0.8,0.032,0.039
264,203613,Jonathon Simmons,1610612753,ORL,69,21,48,29.4,26.2,34.5,2.5,0.1,0.2,5.4,6.5,2.9,0.095,0.109
265,1628395,Jordan Bell,1610612744,GSW,57,43,14,14.2,22.5,15.6,1.8,0.1,0.2,3.0,4.3,2.0,0.08,0.089
266,203903,Jordan Clarkson,1610612739,CLE,81,40,41,23.3,25.6,35.3,2.7,0.2,0.3,5.2,6.7,3.1,0.107,0.123
267,202348,Jordan Crawford,1610612740,NOP,5,3,2,10.7,19.4,22.2,2.6,0.0,0.2,4.0,7.0,2.8,0.134,0.144
268,1626175,Jordan Mickey,1610612748,MIA,23,15,8,12.4,18.3,9.7,0.4,0.0,0.0,1.0,1.0,0.4,0.021,0.021
269,101181,Jose Calderon,1610612739,CLE,57,33,24,16.0,26.2,25.6,2.1,0.1,0.5,3.8,5.1,2.6,0.078,0.101
270,1627982,Josh Gray,1610612756,PHX,5,0,5,17.3,32.2,38.0,2.4,0.0,0.4,5.6,6.2,2.8,0.075,0.087
271,1628404,Josh Hart,1610612747,LAL,63,27,36,23.2,16.4,16.0,1.3,0.0,0.2,2.3,3.2,1.5,0.078,0.094
272,203962,Josh Huestis,1610612760,OKC,68,43,25,14.2,9.5,6.4,0.3,0.0,0.1,0.5,0.7,0.4,0.029,0.037
273,1628367,Josh Jackson,1610612756,PHX,77,19,58,25.4,20.8,24.7,1.5,0.1,0.1,3.1,3.8,1.8,0.074,0.085
274,203705,Josh Magette,1610612737,ATL,18,3,15,12.0,24.0,25.7,3.2,0.1,0.2,6.1,7.4,3.3,0.132,0.139
275,201177,Josh McRoberts,1610612742,DAL,2,2,0,2.9,2.5,2.0,0.0,0.0,0.0,0.0,0.0,0.0,0.0,0.0
276,1626196,Josh Richardson,1610612748,MIA,80,43,37,33.2,41.7,42.8,2.9,0.1,0.4,5.9,7.1,3.4,0.069,0.081
277,2746,Josh Smith,1610612740,NOP,3,2,1,3.9,7.0,4.0,0.0,0.7,0.0,2.0,0.7,0.7,0.0,0.095
278,201950,Jrue Holiday,1610612740,NOP,81,47,34,36.1,54.8,61.6,6.0,0.3,0.7,11.1,14.8,7.0,0.109,0.128
279,1627823,Juancho Hernangomez,1610612743,DEN,25,15,10,11.1,10.4,7.8,0.5,0.0,0.1,0.9,1.2,0.6,0.046,0.054
280,203944,Julius Randle,1610612747,LAL,82,35,47,26.7,34.1,32.2,2.6,0.1,0.4,4.9,6.5,3.0,0.075,0.088
281,202933,Julyan Stone,1610612766,CHA,23,10,13,7.6,9.3,8.1,1.1,0.1,0.1,2.3,3.0,1.3,0.122,0.146
282,1626147,Justin Anderson,1610612755,PHI,37,27,10,13.9,13.4,13.9,0.7,0.0,0.2,1.4,1.6,0.8,0.05,0.063
283,203200,Justin Holiday,1610612741,CHI,72,24,48,31.5,20.6,28.0,2.1,0.1,0.3,3.9,5.0,2.5,0.103,0.123
284,1628382,Justin Jackson,1610612758,SAC,68,21,47,22.2,19.8,17.9,1.1,0.0,0.2,2.0,2.8,1.3,0.055,0.065
285,1628383,Justin Patton,1610612750,MIN,1,0,1,3.7,2.0,2.0,0.0,0.0,0.0,0.0,0.0,0.0,0.0,0.0
286,1626159,Justise Winslow,1610612748,MIA,67,32,35,24.7,36.7,26.9,2.2,0.0,0.2,4.7,5.3,2.4,0.06,0.065
287,203994,Jusuf Nurkic,1610612757,POR,79,48,31,26.4,40.3,29.7,1.8,0.1,0.1,3.6,4.5,2.1,0.045,0.051
288,1628443,Kadeem Allen,1610612738,BOS,18,9,9,6.0,8.8,8.9,0.7,0.0,0.1,1.2,1.6,0.7,0.076,0.082
289,1626157,Karl-Anthony Towns,1610612750,MIN,82,47,35,35.6,50.0,40.7,2.4,0.1,0.3,4.3,5.9,2.8,0.049,0.057
290,202695,Kawhi Leonard,1610612759,SAS,9,5,4,23.3,23.9,32.3,2.3,0.0,0.2,5.1,5.4,2.6,0.098,0.107
291,1627770,Kay Felder,1610612765,DET,16,6,10,8.7,14.1,18.5,1.3,0.0,0.3,2.6,3.2,1.6,0.089,0.116
292,203482,Kelly Olynyk,1610612748,MIA,75,41,34,23.3,38.0,31.1,2.7,0.1,0.2,5.3,7.0,3.0,0.072,0.08
293,1626162,Kelly Oubre Jr.,1610612764,WAS,81,43,38,27.4,21.1,22.3,1.2,0.0,0.1,2.2,2.9,1.4,0.057,0.065
294,202689,Kemba Walker,1610612766,CHA,80,36,44,34.2,56.5,73.3,5.6,0.3,1.0,10.5,13.7,6.9,0.098,0.122
295,2570,Kendrick Perkins,1610612739,CLE,1,0,1,14.5,19.0,15.0,2.0,1.0,0.0,4.0,6.0,3.0,0.105,0.158
296,202702,Kenneth Faried,1610612743,DEN,32,16,16,14.4,13.8,10.0,0.6,0.0,0.1,1.1,1.3,0.6,0.041,0.045
297,203145,Kent Bazemore,1610612737,ATL,64,19,45,27.5,37.2,37.9,3.5,0.1,0.3,6.5,8.2,3.8,0.094,0.103
298,203484,Kentavious Caldwell-Pope,1610612747,LAL,74,31,43,33.2,28.6,29.0,2.2,0.1,0.3,4.3,5.3,2.6,0.076,0.09
299,201142,Kevin Durant,1610612744,GSW,68,49,19,34.2,42.0,51.4,5.4,0.3,0.7,9.0,13.0,6.3,0.128,0.149
300,201567,Kevin Love,1610612739,CLE,59,37,22,28.0,35.5,27.7,1.7,0.1,0.3,3.1,4.3,2.2,0.049,0.061
301,1626172,Kevon Looney,1610612744,GSW,66,45,21,13.8,16.8,12.3,0.6,0.0,0.1,1.3,1.6,0.7,0.038,0.044
302,203920,Khem Birch,1610612753,ORL,42,14,28,13.8,15.3,10.1,0.8,0.0,0.1,1.2,2.0,1.0,0.053,0.064
303,203114,Khris Middleton,1610612749,MIL,81,44,37,36.1,43.2,46.1,4.0,0.3,0.3,7.6,9.8,4.6,0.093,0.107
304,202691,Klay Thompson,1610612744,GSW,73,55,18,34.3,27.8,40.6,2.5,0.1,0.6,4.3,6.0,3.3,0.091,0.118
305,1628424,Kobi Simmons,1610612763,MEM,32,6,26,20.1,31.5,36.3,2.1,0.0,0.3,4.2,5.1,2.4,0.067,0.076
306,201585,Kosta Koufos,1610612758,SAC,71,22,49,19.6,27.8,18.2,1.2,0.0,0.1,2.4,3.2,1.4,0.044,0.051
307,1627739,Kris Dunn,1610612741,CHI,52,19,33,29.3,55.3,64.2,6.0,0.3,0.5,11.4,14.7,6.7,0.108,0.121
308,204001,Kristaps Porzingis,1610612752,NYK,48,22,26,32.4,37.1,39.8,1.2,0.1,0.3,2.7,3.0,1.5,0.032,0.041
309,203937,Kyle Anderson,1610612759,SAS,74,41,33,26.7,31.6,25.4,2.7,0.1,0.4,5.1,6.8,3.3,0.086,0.105
310,1627858,Kyle Collinsworth,1610612742,DAL,32,9,23,15.0,19.0,17.2,1.8,0.0,0.2,4.0,4.1,1.9,0.092,0.1
311,2594,Kyle Korver,1610612739,CLE,73,43,30,21.6,13.5,16.4,1.2,0.0,0.1,2.1,2.8,1.3,0.089,0.099
312,1628398,Kyle Kuzma,1610612747,LAL,77,34,43,31.2,30.6,28.4,1.8,0.1,0.2,3.6,4.3,2.0,0.06,0.067
313,200768,Kyle Lowry,1610612761,TOR,78,57,21,32.2,57.5,60.2,6.9,0.3,0.5,12.2,16.0,7.7,0.12,0.133
314,203124,Kyle O'Quinn,1610612752,NYK,76,27,49,17.9,30.9,19.8,2.1,0.1,0.1,3.7,4.5,2.1,0.067,0.07
315,202713,Kyle Singler,1610612760,OKC,11,5,6,3.3,3.0,3.4,0.2,0.0,0.0,0.5,0.5,0.2,0.061,0.061
316,202681,Kyrie Irving,1610612738,BOS,57,38,19,32.2,52.0,65.3,5.0,0.1,1.0,10.2,12.3,6.1,0.097,0.118
317,200746,LaMarcus Aldridge,1610612759,SAS,75,45,30,33.4,38.0,43.3,2.0,0.0,0.6,3.8,4.9,2.6,0.053,0.068
318,202362,Lance Stephenson,1610612754,IND,82,48,34,22.6,24.6,26.4,2.9,0.2,0.2,5.5,6.8,3.2,0.117,0.13
319,202498,Lance Thomas,1610612752,NYK,72,24,48,18.4,17.1,12.9,0.6,0.0,0.0,1.4,1.4,0.7,0.035,0.039
320,204038,Langston Galloway,1610612765,DET,58,28,30,14.9,13.4,16.8,1.0,0.0,0.2,2.0,2.5,1.2,0.074,0.091
321,203580,Larry Drew II,1610612740,NOP,10,6,4,7.0,10.5,12.9,1.0,0.0,0.0,1.9,2.3,1.0,0.095,0.095
322,1626204,Larry Nance Jr.,1610612739,CLE,66,32,34,21.5,28.4,17.2,1.2,0.0,0.2,2.5,3.0,1.4,0.044,0.05
323,1628374,Lauri Markkanen,1610612741,CHI,68,23,45,29.7,55.0,35.9,1.2,0.0,0.2,2.5,2.9,1.4,0.021,0.026
324,2544,LeBron James,1610612739,CLE,82,50,32,36.9,57.0,69.5,9.1,0.4,0.8,17.4,23.1,10.2,0.16,0.179
325,1628506,London Perrantes,1610612739,CLE,14,8,6,4.7,6.9,6.9,0.4,0.1,0.2,1.1,1.0,0.6,0.052,0.094
326,1628366,Lonzo Ball,1610612747,LAL,52,24,28,34.2,65.4,63.5,7.2,0.5,0.5,13.2,17.0,8.0,0.11,0.122
327,203485,Lorenzo Brown,1610612761,TOR,14,9,5,9.9,14.0,14.1,0.9,0.0,0.3,1.6,2.6,1.2,0.066,0.087
328,101150,Lou Williams,1610612746,LAC,79,42,37,32.8,39.9,54.3,5.3,0.3,0.7,8.5,12.5,6.3,0.132,0.158
329,201601,Luc Mbah a Moute,1610612745,HOU,61,52,9,25.6,18.3,15.7,0.9,0.1,0.1,1.8,2.3,1.1,0.049,0.058
330,203512,Lucas Nogueira,1610612761,TOR,49,36,13,8.5,9.3,6.8,0.4,0.0,0.1,0.9,1.1,0.5,0.048,0.055
331,1626242,Luis Montero,1610612765,DET,2,1,1,4.0,1.5,2.5,0.0,0.0,0.0,0.0,0.0,0.0,0.0,0.0
332,202337,Luke Babbitt,1610612748,MIA,49,15,34,14.1,16.7,13.5,0.6,0.0,0.1,1.1,1.6,0.8,0.036,0.045
333,1628379,Luke Kennard,1610612765,DET,73,34,39,20.0,14.5,17.8,1.7,0.1,0.2,3.2,4.3,2.0,0.117,0.138
334,1628436,Luke Kornet,1610612752,NYK,20,6,14,16.3,25.4,19.5,1.3,0.0,0.1,2.3,3.0,1.4,0.051,0.053
335,2736,Luol Deng,1610612747,LAL,1,0,1,13.1,9.0,7.0,1.0,0.0,0.0,2.0,2.0,1.0,0.111,0.111
336,1627781,Malachi Richardson,1610612761,TOR,26,8,18,12.4,10.3,11.1,0.5,0.0,0.1,1.1,1.2,0.6,0.049,0.056
337,1627763,Malcolm Brogdon,1610612749,MIL,47,25,22,29.5,41.8,43.8,3.1,0.3,0.4,6.2,7.7,3.8,0.075,0.091
338,1627098,Malcolm Delaney,1610612737,ATL,53,16,37,18.7,31.6,34.7,3.1,0.2,0.3,6.1,7.7,3.5,0.097,0.112
339,1626259,Malcolm Miller,1610612761,TOR,15,15,0,8.4,7.1,6.7,0.2,0.0,0.1,0.5,0.5,0.3,0.028,0.037
340,1627736,Malik Beasley,1610612743,DEN,62,34,28,9.4,5.5,6.8,0.5,0.0,0.0,0.8,1.3,0.5,0.09,0.099
341,1628370,Malik Monk,1610612766,CHA,63,26,37,13.5,14.6,21.0,1.4,0.1,0.2,2.7,3.5,1.7,0.099,0.119
342,1628493,Mangok Mathiang,1610612766,CHA,4,3,1,5.0,4.8,2.5,0.0,0.0,0.0,0.0,0.0,0.0,0.0,0.0
343,1938,Manu Ginobili,1610612759,SAS,65,39,26,20.0,22.6,28.0,2.5,0.2,0.3,4.9,6.2,3.1,0.111,0.135
344,202705,MarShon Brooks,1610612763,MEM,7,2,5,27.5,32.1,38.9,3.6,0.1,0.3,8.3,9.0,4.1,0.111,0.129
345,201188,Marc Gasol,1610612763,MEM,73,21,52,33.0,62.8,60.4,4.2,0.2,0.4,7.7,10.2,4.6,0.066,0.074
346,101162,Marcin Gortat,1610612764,WAS,82,43,39,25.1,32.8,20.9,1.8,0.0,0.1,3.2,4.3,1.9,0.056,0.059
347,201158,Marco Belinelli,1610612755,PHI,79,39,40,24.3,25.4,29.7,1.9,0.1,0.4,4.0,4.6,2.3,0.073,0.091
348,1627875,Marcus Georges-Hunt,1610612750,MIN,42,24,18,5.3,2.5,3.2,0.2,0.0,0.0,0.4,0.4,0.2,0.067,0.067
349,202694,Marcus Morris,1610612738,BOS,52,32,20,26.8,30.9,29.1,1.3,0.1,0.2,2.5,3.2,1.5,0.042,0.05
350,1627779,Marcus Paige,1610612766,CHA,5,4,1,5.6,8.8,11.2,0.6,0.0,0.2,1.4,1.6,0.8,0.068,0.091
351,203935,Marcus Smart,1610612738,BOS,51,35,16,30.1,43.2,47.7,4.9,0.2,0.5,8.8,12.2,5.7,0.114,0.131
352,201596,Mario Chalmers,1610612763,MEM,66,21,45,21.5,40.2,42.4,3.0,0.2,0.4,5.7,7.4,3.7,0.074,0.091
353,1626209,Mario Hezonja,1610612753,ORL,75,21,54,22.1,24.6,20.9,1.4,0.1,0.1,2.7,3.3,1.6,0.057,0.066
354,203900,Markel Brown,1610612745,HOU,4,4,0,7.9,8.3,8.0,0.5,0.0,0.0,0.8,1.0,0.5,0.061,0.061
355,1628365,Markelle Fultz,1610612755,PHI,14,11,3,18.1,32.4,37.4,3.8,0.2,0.2,7.4,9.6,4.2,0.117,0.13
356,202693,Markieff Morris,1610612764,WAS,73,37,36,26.7,25.5,25.7,1.9,0.1,0.2,3.3,4.7,2.2,0.076,0.088
357,1627737,Marquese Chriss,1610612756,PHX,72,19,53,21.2,29.2,19.7,1.2,0.1,0.2,2.7,2.8,1.4,0.039,0.048
358,203104,Marquis Teague,1610612763,MEM,3,0,3,24.6,46.3,49.7,4.3,0.0,0.0,5.7,11.0,4.7,0.094,0.101
359,201578,Marreese Speights,1610612753,ORL,52,15,37,13.0,17.2,17.1,0.8,0.1,0.0,1.3,1.8,0.9,0.045,0.05
360,1627850,Marshall Plumlee,1610612749,MIL,8,5,3,6.5,5.5,4.4,0.3,0.0,0.0,0.8,0.6,0.3,0.045,0.045
361,101107,Marvin Williams,1610612766,CHA,78,33,45,25.7,35.9,24.4,1.2,0.1,0.2,2.4,3.0,1.5,0.034,0.041
362,203486,Mason Plumlee,1610612743,DEN,74,40,34,19.5,23.3,19.4,1.9,0.0,0.2,3.3,4.6,2.1,0.082,0.092
363,1627856,Matt Costello,1610612759,SAS,4,2,2,8.1,9.5,5.8,0.5,0.0,0.0,1.0,2.3,0.8,0.053,0.079
364,1628475,Matt Williams Jr.,1610612748,MIA,3,1,2,3.8,1.3,3.3,0.0,0.0,0.0,0.0,0.0,0.0,0.0,0.0
365,203521,Matthew Dellavedova,1610612749,MIL,37,21,16,18.5,31.9,33.8,3.8,0.2,0.5,7.1,9.3,4.5,0.118,0.142
366,203090,Maurice Harkless,1610612757,POR,59,36,23,21.4,17.9,14.9,0.9,0.1,0.1,2.1,2.1,1.0,0.05,0.055
367,1628467,Maxi Kleber,1610612742,DAL,72,20,52,16.8,14.7,12.5,0.7,0.0,0.1,1.2,1.9,0.8,0.048,0.057
368,203086,Meyers Leonard,1610612757,POR,33,17,16,7.7,10.8,8.2,0.5,0.0,0.1,1.1,1.5,0.6,0.048,0.056
369,201563,Michael Beasley,1610612752,NYK,73,23,50,22.1,27.4,26.2,1.6,0.1,0.3,3.4,3.9,2.0,0.06,0.074
370,203487,Michael Carter-Williams,1610612766,CHA,52,23,29,16.1,26.8,29.3,2.2,0.1,0.3,5.0,5.7,2.7,0.083,0.101
371,203077,Michael Kidd-Gilchrist,1610612766,CHA,74,34,40,25.0,13.8,16.6,1.0,0.1,0.1,2.0,2.6,1.1,0.069,0.082
372,201144,Mike Conley,1610612763,MEM,12,7,5,31.1,47.7,63.8,4.1,0.3,0.6,9.4,10.4,4.9,0.086,0.103
373,1628455,Mike James,1610612740,NOP,36,11,25,19.1,33.3,40.8,3.5,0.3,0.3,7.2,8.9,4.1,0.105,0.123
374,203488,Mike Muscala,1610612737,ATL,53,14,39,20.0,23.7,18.1,1.0,0.0,0.1,1.6,2.4,1.1,0.041,0.045
375,203118,Mike Scott,1610612764,WAS,76,39,37,18.4,21.1,19.2,1.1,0.1,0.1,2.2,2.7,1.3,0.05,0.06
376,203101,Miles Plumlee,1610612737,ATL,55,19,36,16.7,19.1,14.0,0.8,0.0,0.1,1.5,1.9,0.9,0.043,0.047
377,1628462,Milos Teodosic,1610612746,LAC,45,29,16,25.2,48.6,48.0,4.6,0.4,0.4,8.8,11.2,5.4,0.095,0.111
378,1628495,Milton Doyle,1610612751,BKN,10,2,8,12.5,14.6,17.1,1.0,0.1,0.2,2.6,2.5,1.3,0.068,0.089
379,1627851,Mindaugas Kuzminskas,1610612752,NYK,1,0,1,1.9,0.0,2.0,0.0,,0.0,0.0,0.0,0.0,0.0,0.0
380,203141,Mirza Teletovic,1610612749,MIL,9,4,5,15.8,21.9,16.1,1.0,0.0,0.0,1.9,2.6,1.0,0.046,0.046
381,1628420,Monte Morris,1610612743,DEN,3,2,1,8.4,17.3,17.7,2.3,0.0,0.0,4.3,5.3,2.3,0.135,0.135
382,1626149,Montrezl Harrell,1610612746,LAC,76,39,37,17.0,17.6,16.9,1.0,0.0,0.1,1.5,2.3,1.1,0.055,0.063
383,1627988,Myke Henry,1610612763,MEM,20,3,17,18.9,19.0,17.7,1.1,0.1,0.3,2.5,2.7,1.5,0.058,0.076
384,1626167,Myles Turner,1610612754,IND,65,39,26,28.2,35.7,27.6,1.3,0.0,0.1,2.4,3.3,1.5,0.037,0.042
385,203489,Nate Wolters,1610612762,UTA,5,3,2,3.8,6.0,5.6,0.2,0.0,0.0,1.2,0.6,0.2,0.033,0.033
386,1628513,Naz Mitrou-Long,1610612762,UTA,1,0,1,0.5,1.0,2.0,0.0,0.0,0.0,0.0,0.0,0.0,0.0,0.0
387,202357,Nemanja Bjelica,1610612750,MIN,67,38,29,20.5,24.9,16.6,1.3,0.1,0.2,2.4,3.1,1.5,0.052,0.062
388,2403,Nene,1610612745,HOU,52,42,10,14.6,17.3,13.5,0.9,0.1,0.2,1.9,2.4,1.1,0.05,0.063
389,203457,Nerlens Noel,1610612742,DAL,30,6,24,15.7,15.0,10.1,0.7,0.0,0.0,1.2,1.8,0.8,0.044,0.051
390,2555,Nick Collison,1610612760,OKC,13,9,4,4.4,7.7,5.9,0.2,0.0,0.0,0.5,0.5,0.2,0.03,0.03
391,201156,Nick Young,1610612744,GSW,80,56,24,17.4,12.0,15.8,0.5,0.0,0.1,1.0,1.1,0.6,0.037,0.046
392,201587,Nicolas Batum,1610612766,CHA,64,27,37,31.0,39.0,39.1,5.5,0.3,0.5,10.2,13.0,6.2,0.14,0.159
393,1627852,Nicolas Brussino,1610612737,ATL,4,0,4,2.5,1.5,1.3,0.0,0.0,0.0,0.5,0.0,0.0,0.0,0.0
394,1628502,Nigel Hayes,1610612758,SAC,9,6,3,13.6,16.9,11.9,0.7,0.0,0.0,1.2,1.9,0.7,0.039,0.039
395,203917,Nik Stauskas,1610612751,BKN,41,14,27,12.8,13.7,14.6,1.0,0.0,0.1,2.1,2.4,1.1,0.069,0.08
396,203999,Nikola Jokic,1610612743,DEN,75,43,32,32.6,66.3,52.1,6.1,0.2,0.5,9.4,14.4,6.7,0.092,0.102
397,202703,Nikola Mirotic,1610612740,NOP,55,34,21,27.2,40.5,28.7,1.5,0.1,0.1,2.7,3.5,1.6,0.036,0.04
398,202696,Nikola Vucevic,1610612753,ORL,57,17,40,29.5,47.2,42.5,3.4,0.1,0.2,5.8,8.1,3.6,0.071,0.077
399,203943,Noah Vonleh,1610612741,CHI,54,24,30,16.2,24.3,12.9,0.6,0.0,0.1,1.5,1.7,0.8,0.026,0.032
400,1626181,Norman Powell,1610612761,TOR,70,51,19,15.2,13.7,16.8,1.3,0.0,0.2,2.6,3.2,1.5,0.093,0.11
401,1628384,OG Anunoby,1610612761,TOR,74,51,23,20.0,12.1,12.3,0.7,0.0,0.2,1.2,1.9,0.9,0.062,0.075
402,1627855,Okaro White,1610612739,CLE,6,2,4,13.3,16.7,8.7,0.3,0.0,0.2,1.2,0.8,0.5,0.02,0.03
403,204179,Omari Johnson,1610612763,MEM,4,1,3,18.8,21.5,16.8,1.8,0.0,0.0,2.3,4.5,1.8,0.081,0.081
404,201600,Omer Asik,1610612741,CHI,18,7,11,10.1,11.0,5.7,0.2,0.0,0.0,0.3,0.2,0.1,0.015,0.01
405,201956,Omri Casspi,1610612744,GSW,53,40,13,14.0,18.6,14.5,1.0,0.1,0.1,1.9,2.3,1.1,0.052,0.061
406,203490,Otto Porter Jr.,1610612764,WAS,77,42,35,31.6,33.8,29.5,2.0,0.1,0.4,4.0,4.9,2.5,0.06,0.073
407,1628408,PJ Dozier,1610612760,OKC,2,1,1,1.6,1.0,1.5,0.0,0.0,0.0,0.0,0.0,0.0,0.0,0.0
408,200782,PJ Tucker,1610612745,HOU,82,65,17,27.8,25.1,15.4,0.9,0.1,0.2,2.4,2.5,1.2,0.037,0.047
409,1627783,Pascal Siakam,1610612761,TOR,81,59,22,20.7,29.7,22.0,2.0,0.0,0.2,3.1,4.7,2.2,0.066,0.073
410,1626192,Pat Connaughton,1610612757,POR,82,49,33,18.1,15.5,16.4,1.1,0.1,0.1,2.1,2.9,1.3,0.071,0.084
411,201976,Patrick Beverley,1610612746,LAC,11,5,6,30.3,48.0,52.1,2.9,0.4,1.0,7.1,7.0,4.2,0.061,0.087
412,1627775,Patrick McCaw,1610612744,GSW,57,41,16,16.9,20.6,21.1,1.4,0.0,0.2,2.6,3.5,1.7,0.069,0.084
413,202335,Patrick Patterson,1610612760,OKC,80,48,32,15.3,16.8,11.5,0.7,0.0,0.0,1.6,1.8,0.7,0.041,0.043
414,201988,Patty Mills,1610612759,SAS,82,47,35,25.7,35.7,42.1,2.8,0.1,0.7,5.5,6.6,3.5,0.078,0.098
415,2200,Pau Gasol,1610612759,SAS,77,45,32,23.5,41.3,32.0,3.1,0.1,0.2,5.0,7.2,3.4,0.075,0.083
416,202331,Paul George,1610612760,OKC,78,47,31,36.6,32.8,41.2,3.3,0.3,0.4,6.5,8.4,4.1,0.101,0.124
417,200794,Paul Millsap,1610612743,DEN,38,22,16,30.1,32.5,32.9,2.8,0.1,0.2,4.4,7.0,3.0,0.085,0.093
418,1627835,Paul Zipser,1610612741,CHI,54,17,37,15.3,22.9,16.3,0.9,0.0,0.2,1.9,2.1,1.1,0.037,0.047
419,203112,Quincy Acy,1610612751,BKN,68,25,43,19.5,25.8,20.1,0.8,0.0,0.2,2.0,2.2,1.0,0.032,0.04
420,202347,Quincy Pondexter,1610612741,CHI,23,6,17,8.5,9.3,7.8,0.4,0.0,0.1,0.8,1.1,0.5,0.042,0.056
421,1626188,Quinn Cook,1610612744,GSW,33,21,12,22.4,38.9,41.8,2.7,0.2,0.6,4.8,6.5,3.5,0.069,0.089
422,1626154,RJ Hunter,1610612745,HOU,5,3,2,9.0,7.4,9.6,0.6,0.0,0.2,1.6,1.4,0.8,0.081,0.108
423,200765,Rajon Rondo,1610612740,NOP,65,41,24,26.2,56.4,55.9,8.2,0.3,0.6,13.6,19.0,8.9,0.145,0.158
424,201196,Ramon Sessions,1610612764,WAS,28,10,18,14.0,24.8,29.2,2.8,0.1,0.4,5.0,6.2,3.0,0.111,0.122
425,1626173,Rashad Vaughn,1610612753,ORL,28,13,15,7.6,5.2,6.3,0.5,0.0,0.0,0.6,1.1,0.5,0.09,0.097
426,203526,Raul Neto,1610612762,UTA,41,28,13,12.2,21.5,23.2,1.8,0.2,0.2,3.6,4.7,2.1,0.085,0.1
427,101109,Raymond Felton,1610612760,OKC,80,48,32,16.7,26.1,30.8,2.5,0.1,0.3,5.0,6.3,2.9,0.095,0.11
428,203493,Reggie Bullock,1610612765,DET,62,32,30,27.9,19.7,23.7,1.5,0.0,0.2,2.5,3.8,1.8,0.078,0.091
429,203687,Reggie Hearn,1610612765,DET,3,3,0,2.2,0.3,0.7,0.0,0.0,0.0,0.0,0.0,0.0,0.0,0.0
430,202704,Reggie Jackson,1610612765,DET,45,27,18,26.7,49.2,61.8,5.3,0.1,0.5,10.5,13.1,5.9,0.107,0.12
431,2210,Richard Jefferson,1610612743,DEN,20,10,10,8.2,6.8,5.9,0.8,0.1,0.0,1.5,2.2,0.9,0.11,0.125
432,1626158,Richaun Holmes,1610612755,PHI,47,30,17,15.5,21.0,17.8,1.3,0.1,0.1,2.2,3.2,1.4,0.062,0.069
433,201937,Ricky Rubio,1610612762,UTA,77,44,33,29.3,59.4,63.4,5.3,0.2,0.7,10.5,13.0,6.2,0.09,0.104
434,203496,Robert Covington,1610612755,PHI,79,51,28,31.7,33.4,29.2,2.0,0.1,0.3,3.3,4.8,2.4,0.059,0.071
435,201577,Robin Lopez,1610612741,CHI,64,23,41,26.4,22.2,27.4,1.9,0.1,0.2,3.6,5.0,2.3,0.087,0.103
436,203918,Rodney Hood,1610612739,CLE,60,29,31,26.9,22.2,30.4,1.6,0.1,0.4,2.9,4.1,2.1,0.071,0.092
437,203585,Rodney McGruder,1610612748,MIA,18,11,7,16.6,14.4,13.8,0.9,0.0,0.2,2.5,2.4,1.2,0.066,0.081
438,1628681,Rodney Purvis,1610612753,ORL,16,5,11,18.1,13.6,17.6,1.1,0.0,0.3,2.2,2.6,1.4,0.078,0.101
439,1627758,Ron Baker,1610612752,NYK,28,11,17,13.1,15.2,15.1,1.6,0.0,0.1,2.8,3.6,1.8,0.106,0.115
440,1626178,Rondae Hollis-Jefferson,1610612751,BKN,66,25,41,28.0,44.1,35.9,2.5,0.0,0.2,5.1,6.6,2.7,0.056,0.062
441,1626220,Royce O'Neale,1610612762,UTA,69,43,26,16.7,15.9,15.8,1.4,0.1,0.2,2.8,3.5,1.6,0.087,0.101
442,200752,Rudy Gay,1610612759,SAS,57,36,21,21.6,27.3,22.2,1.3,0.1,0.2,2.9,3.2,1.5,0.047,0.056
443,203497,Rudy Gobert,1610612762,UTA,56,37,19,32.4,46.6,31.8,1.4,0.0,0.2,2.9,3.4,1.6,0.031,0.034
444,201566,Russell Westbrook,1610612760,OKC,78,47,31,36.4,62.3,77.3,10.3,0.6,1.0,20.3,25.6,12.0,0.166,0.192
445,201583,Ryan Anderson,1610612745,HOU,66,52,14,26.1,22.0,18.4,0.9,0.0,0.1,1.9,2.4,1.0,0.041,0.047
446,1627853,Ryan Arcidiacono,1610612741,CHI,24,6,18,12.7,21.5,20.6,1.5,0.1,0.2,3.8,4.2,1.9,0.068,0.087
447,1626257,Salah Mejri,1610612742,DAL,61,21,40,11.9,13.7,8.0,0.6,0.0,0.0,1.0,1.4,0.6,0.042,0.043
448,1626155,Sam Dekker,1610612746,LAC,73,36,37,12.1,13.7,10.0,0.5,0.0,0.1,1.0,1.2,0.7,0.038,0.048
449,203816,Scotty Hopson,1610612742,DAL,1,0,1,8.4,4.0,5.0,1.0,0.0,0.0,1.0,3.0,1.0,0.25,0.25
450,203930,Sean Kilpatrick,1610612741,CHI,52,22,30,12.3,10.4,14.8,0.9,0.1,0.1,1.5,2.2,1.0,0.085,0.094
451,1628400,Semi Ojeleye,1610612738,BOS,70,47,23,16.2,16.7,10.2,0.3,0.0,0.2,0.8,0.6,0.4,0.016,0.026
452,201586,Serge Ibaka,1610612761,TOR,76,53,23,27.5,29.6,25.6,0.8,0.0,0.2,2.0,2.0,1.0,0.028,0.033
453,203498,Shabazz Muhammad,1610612749,MIL,43,25,18,9.7,5.1,7.1,0.3,0.0,0.0,0.4,0.8,0.4,0.063,0.072
454,203894,Shabazz Napier,1610612757,POR,74,46,28,20.8,25.7,29.7,2.0,0.1,0.2,4.5,5.2,2.3,0.079,0.091
455,203499,Shane Larkin,1610612738,BOS,51,36,15,14.6,21.2,23.2,1.9,0.1,0.3,3.5,4.5,2.2,0.088,0.104
456,1627885,Shaquille Harrison,1610612756,PHX,23,3,20,16.7,25.1,26.7,2.4,0.1,0.2,4.6,6.1,2.7,0.095,0.107
457,2733,Shaun Livingston,1610612744,GSW,71,49,22,15.9,26.0,26.4,2.0,0.1,0.4,3.5,4.7,2.4,0.076,0.094
458,202714,Shelvin Mack,1610612753,ORL,69,21,48,19.8,34.1,37.4,3.9,0.3,0.5,7.8,9.8,4.6,0.116,0.136
459,1628414,Sindarius Thornwell,1610612746,LAC,73,36,37,15.8,12.8,12.7,0.9,0.1,0.1,1.8,2.2,1.1,0.073,0.085
460,1627746,Skal Labissiere,1610612758,SAC,60,19,41,20.7,23.6,19.5,1.2,0.0,0.1,2.2,2.9,1.3,0.051,0.054
461,203524,Solomon Hill,1610612740,NOP,12,8,4,15.6,15.5,11.7,1.8,0.0,0.1,2.6,4.3,1.8,0.118,0.118
462,203915,Spencer Dinwiddie,1610612751,BKN,78,27,51,28.9,55.2,64.6,6.5,0.3,0.5,12.5,16.7,7.3,0.118,0.133
463,1626169,Stanley Johnson,1610612765,DET,69,33,36,27.4,17.4,20.2,1.6,0.1,0.2,3.6,4.1,1.9,0.093,0.109
464,201939,Stephen Curry,1610612744,GSW,51,41,10,32.0,52.2,62.5,6.1,0.3,1.4,10.5,14.3,7.7,0.116,0.148
465,1628425,Sterling Brown,1610612749,MIL,54,26,28,14.4,11.3,10.1,0.5,0.0,0.1,1.3,1.3,0.6,0.041,0.057
466,203500,Steven Adams,1610612760,OKC,75,43,32,32.8,26.8,22.0,1.2,0.1,0.2,2.8,3.0,1.4,0.044,0.054
467,204456,T.J. McConnell,1610612755,PHI,75,50,25,22.4,44.5,45.5,4.0,0.3,0.6,8.1,9.9,4.8,0.089,0.108
468,1628388,TJ Leaf,1610612754,IND,53,31,22,8.7,8.7,6.2,0.2,0.0,0.0,0.5,0.5,0.2,0.02,0.024
469,203933,TJ Warren,1610612756,PHX,65,18,47,33.0,24.5,33.7,1.3,0.1,0.2,3.1,3.4,1.6,0.053,0.067
470,201959,Taj Gibson,1610612750,MIN,82,47,35,33.2,37.9,26.5,1.2,0.1,0.1,2.5,3.0,1.4,0.032,0.037
471,204028,Tarik Black,1610612745,HOU,51,40,11,10.5,14.6,8.6,0.3,0.0,0.0,1.0,0.6,0.3,0.017,0.02
472,1627752,Taurean Prince,1610612737,ATL,81,24,57,30.0,31.2,36.7,2.6,0.1,0.3,4.8,6.4,3.0,0.083,0.096
473,1628390,Terrance Ferguson,1610612760,OKC,59,37,22,12.6,5.0,6.3,0.3,0.0,0.1,0.8,0.9,0.4,0.065,0.089
474,203082,Terrence Ross,1610612753,ORL,24,10,14,25.0,19.7,21.2,1.6,0.0,0.3,3.0,3.6,1.8,0.08,0.091
475,1626179,Terry Rozier,1610612738,BOS,77,51,26,26.0,44.4,47.3,3.0,0.1,0.6,6.0,7.4,3.6,0.067,0.082
476,200757,Thabo Sefolosha,1610612762,UTA,38,16,22,21.2,25.5,21.1,0.9,0.1,0.3,2.3,2.4,1.3,0.034,0.052
477,201152,Thaddeus Young,1610612754,IND,81,48,33,32.2,35.1,26.6,1.9,0.1,0.2,3.4,4.7,2.1,0.054,0.061
478,1628418,Thomas Bryant,1610612747,LAL,15,7,8,4.8,5.3,3.7,0.4,0.0,0.1,0.5,1.0,0.5,0.076,0.089
479,1627748,Thon Maker,1610612749,MIL,73,40,33,16.7,16.7,12.0,0.6,0.0,0.2,0.9,1.4,0.8,0.036,0.047
480,204025,Tim Frazier,1610612764,WAS,59,31,28,14.2,27.5,27.4,3.3,0.1,0.2,6.3,8.1,3.6,0.12,0.132
481,203501,Tim Hardaway Jr.,1610612752,NYK,57,19,38,33.1,34.4,39.4,2.7,0.1,0.3,5.4,6.6,3.1,0.079,0.089
482,1627817,Tim Quarterman,1610612745,HOU,3,2,1,4.3,6.3,7.3,0.3,0.0,0.0,0.3,0.7,0.3,0.053,0.053
483,202389,Timofey Mozgov,1610612751,BKN,29,11,18,11.9,13.6,11.2,0.4,0.0,0.1,0.8,1.0,0.5,0.028,0.038
484,1627789,Timothe Luwawu-Cabarrot,1610612755,PHI,51,29,22,15.6,13.4,16.2,1.1,0.1,0.1,1.8,2.5,1.2,0.079,0.092
485,202699,Tobias Harris,1610612746,LAC,80,39,41,33.4,51.3,41.1,2.4,0.1,0.4,4.4,6.1,2.9,0.047,0.056
486,203107,Tomas Satoransky,1610612764,WAS,73,39,34,22.4,39.7,40.8,3.9,0.1,0.4,7.5,9.1,4.3,0.099,0.108
487,2754,Tony Allen,1610612740,NOP,22,12,10,12.4,8.5,7.5,0.4,0.0,0.1,0.6,1.0,0.5,0.048,0.059
488,1628396,Tony Bradley,1610612762,UTA,9,6,3,3.2,3.0,2.2,0.1,0.0,0.0,0.1,0.2,0.1,0.037,0.037
489,2225,Tony Parker,1610612759,SAS,55,32,23,19.5,35.8,41.2,3.5,0.1,0.7,6.5,8.8,4.4,0.099,0.123
490,203503,Tony Snell,1610612749,MIL,74,42,32,27.0,19.0,18.1,1.3,0.1,0.3,2.1,3.1,1.6,0.068,0.083
491,1628470,Torrey Craig,1610612743,DEN,39,22,17,16.1,11.8,9.1,0.6,0.0,0.1,1.0,1.6,0.8,0.054,0.065
492,204037,Travis Wear,1610612747,LAL,17,7,10,13.4,14.5,10.6,0.4,0.1,0.2,1.1,1.3,0.6,0.028,0.045
493,1626203,Treveon Graham,1610612766,CHA,63,28,35,16.7,14.7,11.7,0.9,0.0,0.1,1.7,2.3,1.1,0.064,0.074
494,2772,Trevor Ariza,1610612745,HOU,67,51,16,33.9,26.0,23.7,1.6,0.1,0.3,3.2,4.2,1.9,0.06,0.075
495,202344,Trevor Booker,1610612754,IND,67,36,31,17.1,26.9,18.4,1.2,0.0,0.1,2.5,3.4,1.4,0.046,0.052
496,203504,Trey Burke,1610612752,NYK,36,10,26,21.8,41.3,51.5,4.7,0.1,0.6,8.4,11.3,5.3,0.114,0.129
497,1626168,Trey Lyles,1610612743,DEN,73,41,32,19.1,25.3,20.6,1.2,0.1,0.2,2.3,3.2,1.5,0.049,0.059
498,203590,Trey McKinney-Jones,1610612754,IND,1,1,0,1.2,1.0,0.0,0.0,0.0,0.0,0.0,0.0,0.0,0.0,0.0
499,202684,Tristan Thompson,1610612739,CLE,53,27,26,20.2,21.7,11.5,0.6,0.0,0.1,1.4,1.6,0.8,0.029,0.036
500,203584,Troy Daniels,1610612756,PHX,79,20,59,20.5,15.8,19.1,0.6,0.1,0.2,1.6,1.7,0.9,0.038,0.059
501,1627786,Troy Williams,1610612752,NYK,21,7,14,14.6,12.7,11.5,0.8,0.0,0.1,1.2,1.8,0.9,0.06,0.071
502,1628463,Tyler Cavanaugh,1610612737,ATL,38,11,27,13.3,17.5,12.4,0.7,0.1,0.1,1.6,1.9,0.8,0.039,0.045
503,1628416,Tyler Dorsey,1610612737,ATL,56,15,41,17.4,17.7,20.2,1.4,0.1,0.2,2.9,3.5,1.7,0.08,0.095
504,203898,Tyler Ennis,1610612747,LAL,54,22,32,12.7,22.1,22.9,1.9,0.1,0.4,3.8,4.6,2.3,0.088,0.103
505,204020,Tyler Johnson,1610612748,MIA,71,38,33,28.5,28.7,33.5,2.3,0.0,0.5,4.9,5.9,2.8,0.08,0.098
506,1628399,Tyler Lydon,1610612743,DEN,1,1,0,2.2,4.0,3.0,0.0,0.0,0.0,1.0,0.0,0.0,0.0,0.0
507,1627755,Tyler Ulis,1610612756,PHX,71,20,51,23.4,42.2,48.7,4.4,0.4,0.4,8.8,10.9,5.1,0.104,0.122
508,203092,Tyler Zeller,1610612749,MIL,64,26,38,16.7,15.4,13.8,0.7,0.0,0.0,1.2,1.9,0.8,0.048,0.051
509,201936,Tyreke Evans,1610612763,MEM,52,19,33,30.9,50.8,60.8,5.2,0.3,0.9,10.5,12.8,6.3,0.102,0.125
510,1627820,Tyrone Wallace,1610612746,LAC,30,17,13,28.4,31.8,34.5,2.4,0.2,0.5,4.0,5.8,3.1,0.074,0.096
511,2199,Tyson Chandler,1610612756,PHX,46,15,31,25.0,27.3,16.1,1.2,0.0,0.2,2.7,2.7,1.4,0.042,0.051
512,1626145,Tyus Jones,1610612750,MIN,82,47,35,17.9,31.8,32.0,2.8,0.3,0.3,5.0,7.1,3.4,0.089,0.105
513,2617,Udonis Haslem,1610612748,MIA,14,9,5,5.1,3.6,3.7,0.4,0.0,0.0,0.7,0.9,0.4,0.1,0.1
514,203505,Vander Blue,1610612747,LAL,5,1,4,9.0,3.8,4.2,0.6,0.0,0.0,1.0,1.6,0.6,0.158,0.158
515,203506,Victor Oladipo,1610612754,IND,75,48,27,34.0,38.9,51.2,4.3,0.4,0.4,8.8,10.6,5.0,0.111,0.129
516,1713,Vince Carter,1610612758,SAC,58,20,38,17.7,22.0,17.7,1.2,0.1,0.1,2.2,2.8,1.3,0.054,0.061
517,1626205,Vincent Hunter,1610612763,MEM,4,0,4,1.9,1.3,1.5,0.0,0.0,0.0,0.3,0.0,0.0,0.0,0.0
518,1627735,Wade Baldwin IV,1610612757,POR,7,4,3,11.5,13.1,14.0,0.7,0.0,0.1,1.0,1.6,0.9,0.054,0.065
519,1627215,Walter Lemon Jr.,1610612740,NOP,5,4,1,7.0,9.4,11.4,1.0,0.2,0.4,1.2,1.0,1.0,0.106,0.106
520,201961,Wayne Ellington,1610612748,MIA,76,41,35,26.6,19.0,23.0,1.0,0.1,0.2,2.4,2.7,1.4,0.055,0.071
521,1627782,Wayne Selden,1610612763,MEM,35,10,25,19.8,18.2,24.9,1.9,0.1,0.3,3.5,4.1,2.2,0.104,0.121
522,1628411,Wes Iwundu,1610612753,ORL,62,18,44,16.5,13.6,10.9,0.9,0.0,0.2,1.8,2.2,1.1,0.067,0.083
523,202325,Wesley Johnson,1610612746,LAC,74,38,36,20.1,14.4,13.6,0.8,0.1,0.1,1.3,2.0,1.0,0.057,0.068
524,202083,Wesley Matthews,1610612742,DAL,63,20,43,33.8,32.3,36.5,2.7,0.1,0.4,5.3,6.9,3.2,0.084,0.099
525,203115,Will Barton,1610612743,DEN,81,46,35,33.1,41.2,45.4,4.1,0.2,0.4,7.7,9.8,4.6,0.099,0.112
526,1626161,Willie Cauley-Stein,1610612758,SAC,73,23,50,28.0,39.8,32.2,2.4,0.1,0.2,4.0,5.5,2.6,0.059,0.066
527,203186,Willie Reed,1610612765,DET,42,20,22,10.2,8.5,6.8,0.2,0.0,0.0,0.6,0.5,0.3,0.028,0.031
528,1626195,Willy Hernangomez,1610612766,CHA,48,20,28,10.3,13.4,9.0,0.7,0.0,0.1,1.2,1.7,0.8,0.051,0.056
529,201163,Wilson Chandler,1610612743,DEN,74,41,33,31.7,27.0,23.9,2.1,0.1,0.3,4.1,5.6,2.5,0.08,0.092
530,204098,Xavier Munford,1610612749,MIL,6,2,4,3.5,5.7,6.2,0.7,0.0,0.0,0.7,1.5,0.7,0.118,0.118
531,1628504,Xavier Rathan-Mayes,1610612763,MEM,5,0,5,23.6,41.6,52.4,3.6,0.2,0.2,7.0,8.8,4.0,0.087,0.096
532,202918,Xavier Silas,1610612738,BOS,2,1,1,3.8,3.0,2.5,0.0,0.0,0.0,1.5,0.0,0.0,0.0,0.0
533,1627812,Yogi Ferrell,1610612742,DAL,82,24,58,27.8,34.1,36.0,2.5,0.1,0.5,5.0,6.2,3.0,0.072,0.089
534,1628380,Zach Collins,1610612757,POR,66,41,25,15.8,13.1,12.0,0.8,0.0,0.1,1.4,1.8,0.8,0.06,0.062
535,203897,Zach LaVine,1610612741,CHI,24,9,15,27.3,26.4,37.9,3.0,0.2,0.3,6.3,7.3,3.5,0.114,0.132
536,2216,Zach Randolph,1610612758,SAC,59,18,41,25.6,34.8,34.8,2.2,0.0,0.2,4.5,5.0,2.4,0.062,0.07
537,2585,Zaza Pachulia,1610612744,GSW,69,47,22,14.1,20.6,15.4,1.6,0.1,0.4,2.7,4.1,2.1,0.077,0.101
538,1627753,Zhou Qi,1610612745,HOU,18,14,4,6.9,5.6,4.2,0.1,0.1,0.0,0.6,0.3,0.2,0.02,0.03
