,PLAYER_ID,PLAYER_NAME,TEAM_ID,TEAM_ABBREVIATION,GP,W,L,MIN,POINTS,TOUCHES,FRONT_CT_TOUCHES,TIME_OF_POSS,AVG_SEC_PER_TOUCH,AVG_DRIB_PER_TOUCH,PTS_PER_TOUCH,ELBOW_TOUCHES,POST_TOUCHES,PAINT_TOUCHES,PTS_PER_ELBOW_TOUCH,PTS_PER_POST_TOUCH,PTS_PER_PAINT_TOUCH
0,201166,Aaron Brooks,1610612750,MIN,32,19,13,5.9,2.3,12.6,4.1,1.1,5.25,5.14,0.186,0.0,0.0,0.1,0.0,0.0,0.0
1,203932,Aaron Gordon,1610612753,ORL,58,19,39,32.9,17.6,59.9,31.8,2.4,2.44,1.65,0.294,1.8,2.3,3.9,0.68,0.458,0.974
2,1626151,Aaron Harrison,1610612742,DAL,9,2,7,25.9,6.7,29.2,17.7,1.1,2.35,1.63,0.228,1.0,0.0,0.3,0.0,0.0,1.333
3,1627846,Abdel Nader,1610612738,BOS,47,32,15,11.1,3.1,13.3,9.9,0.5,2.32,1.46,0.233,0.1,0.1,0.5,0.0,1.0,0.455
4,203940,Adreian Payne,1610612753,ORL,5,0,5,8.5,4.2,12.4,6.8,0.4,1.77,0.68,0.339,1.0,0.6,1.0,0.2,0.667,1.0
5,201143,Al Horford,1610612738,BOS,69,44,25,31.5,12.8,63.6,40.1,2.3,2.2,1.06,0.201,3.1,5.2,3.8,0.414,0.475,0.693
6,2744,Al Jefferson,1610612754,IND,36,17,19,13.4,7.0,26.7,15.9,0.8,1.76,0.42,0.262,2.4,3.8,2.0,0.424,0.765,0.877
7,202329,Al-Farouq Aminu,1610612757,POR,69,40,29,30.0,9.3,36.1,19.3,1.2,1.97,1.0,0.259,0.9,0.2,2.2,0.234,0.154,0.631
8,1626210,Alan Williams,1610612756,PHX,5,1,4,14.1,4.0,23.4,15.6,0.6,1.66,0.54,0.171,5.0,2.2,2.8,0.16,0.0,0.643
9,202692,Alec Burks,1610612762,UTA,64,37,27,16.5,7.7,25.9,17.1,1.3,3.0,2.5,0.298,0.4,0.0,0.5,0.87,0.0,1.182
10,1628409,Alec Peters,1610612756,PHX,20,2,18,11.2,4.1,16.5,10.3,0.4,1.38,0.34,0.249,0.6,0.2,1.1,0.333,0.667,0.81
11,203518,Alex Abrines,1610612760,OKC,73,42,31,15.1,4.8,15.0,9.5,0.5,1.93,1.14,0.318,0.2,0.0,0.4,0.667,0.0,0.667
12,1627936,Alex Caruso,1610612747,LAL,37,16,21,15.2,3.6,29.5,10.5,2.1,4.26,3.7,0.123,0.3,0.0,0.6,0.333,0.0,0.917
13,203458,Alex Len,1610612756,PHX,69,20,49,20.2,8.5,32.1,19.0,0.8,1.47,0.35,0.265,4.0,1.8,6.3,0.375,0.402,0.873
14,1627816,Alex Poythress,1610612754,IND,25,10,15,4.2,1.0,5.1,2.9,0.1,1.56,0.63,0.203,0.1,0.0,0.7,0.667,0.0,0.588
15,1628035,Alfonzo McKinnie,1610612761,TOR,14,13,1,3.8,1.5,4.6,2.9,0.1,1.84,0.95,0.328,0.0,0.0,0.1,0.0,0.0,2.0
16,203459,Allen Crabbe,1610612751,BKN,73,24,49,29.2,13.2,43.2,32.3,1.2,1.68,0.79,0.305,0.5,0.0,0.7,0.794,0.0,0.588
17,101161,Amir Johnson,1610612755,PHI,74,47,27,15.8,4.6,26.9,18.8,0.6,1.38,0.46,0.172,4.0,0.5,4.4,0.158,0.231,0.668
18,203083,Andre Drummond,1610612765,DET,78,37,41,33.7,15.0,52.3,39.1,1.8,2.07,0.82,0.287,5.4,3.4,11.7,0.278,0.487,0.944
19,2738,Andre Iguodala,1610612744,GSW,64,46,18,25.4,6.0,44.3,23.4,2.3,3.05,2.01,0.135,1.2,1.0,1.8,0.284,0.266,0.707
20,201281,Andre Ingram,1610612747,LAL,2,1,1,32.1,12.0,34.0,25.0,0.9,1.57,1.13,0.353,0.0,0.5,0.5,0.0,0.0,0.0
21,203460,Andre Roberson,1610612760,OKC,37,24,13,26.6,4.9,24.5,14.3,0.5,1.28,0.41,0.2,0.9,0.0,3.9,0.515,0.0,0.66
22,101106,Andrew Bogut,1610612747,LAL,24,7,17,9.0,1.5,15.1,8.2,0.4,1.69,0.53,0.099,1.3,0.3,2.0,0.188,0.0,0.75
23,1626150,Andrew Harrison,1610612763,MEM,56,17,39,23.7,9.5,54.4,25.1,4.3,4.77,4.36,0.175,0.5,0.0,0.4,0.556,1.0,0.143
24,1628510,Andrew White III,1610612737,ATL,15,1,14,13.9,4.6,15.3,11.3,0.5,1.81,1.02,0.3,0.3,0.0,0.4,0.4,0.0,0.667
25,203952,Andrew Wiggins,1610612750,MIN,82,47,35,36.3,17.7,42.5,31.7,2.1,2.9,1.95,0.416,0.5,2.5,2.3,0.636,0.665,1.122
26,1627790,Ante Zizic,1610612739,CLE,32,21,11,6.7,3.7,8.7,4.8,0.2,1.7,0.48,0.427,1.0,0.9,2.3,0.419,0.571,1.123
27,1626148,Anthony Brown,1610612750,MIN,1,0,1,3.7,3.0,5.0,2.0,0.2,2.32,1.8,0.6,0.0,0.0,0.0,0.0,0.0,0.0
28,203076,Anthony Davis,1610612740,NOP,75,45,30,36.4,28.1,71.7,43.9,2.3,1.93,0.85,0.392,4.4,6.4,10.1,0.681,0.614,1.153
29,201229,Anthony Tolliver,1610612765,DET,79,37,42,22.2,8.9,46.1,20.4,1.0,1.34,0.28,0.193,0.7,0.1,1.0,0.107,0.667,0.772
30,1628469,Antonio Blakeney,1610612741,CHI,19,3,16,16.5,7.9,18.4,14.8,0.8,2.73,2.2,0.431,0.2,0.0,0.4,0.0,0.0,1.143
31,1628499,Antonius Cleveland,1610612737,ATL,17,7,10,7.2,1.4,5.9,4.3,0.2,1.91,1.19,0.23,0.1,0.0,0.5,0.0,0.0,0.5
32,203382,Aron Baynes,1610612738,BOS,78,51,27,18.4,5.9,28.2,19.1,0.7,1.54,0.38,0.21,3.0,1.4,4.6,0.342,0.541,0.711
33,201167,Arron Afflalo,1610612753,ORL,53,16,37,12.9,3.4,14.1,10.9,0.5,2.03,1.01,0.24,0.3,1.1,0.2,0.667,0.345,0.4
34,203085,Austin Rivers,1610612746,LAC,61,30,31,33.7,15.1,68.9,33.0,5.2,4.52,4.03,0.219,0.6,0.0,1.0,0.649,0.0,0.65
35,202340,Avery Bradley,1610612746,LAC,46,22,24,31.2,14.3,40.3,34.8,1.4,2.08,1.33,0.354,1.2,0.0,1.4,0.434,2.0,0.848
36,1628389,Bam Adebayo,1610612748,MIA,68,33,35,19.8,7.0,27.3,20.1,1.0,2.16,0.77,0.256,5.0,2.7,4.8,0.127,0.187,0.892
37,203463,Ben McLemore,1610612763,MEM,56,7,49,19.5,7.5,27.9,19.0,0.9,1.91,1.13,0.27,0.9,0.0,1.4,0.48,0.0,0.775
38,1628500,Ben Moore,1610612754,IND,2,1,1,4.6,0.0,4.0,1.5,0.1,1.12,0.37,0.0,0.0,0.0,0.5,0.0,0.0,0.0
39,1627732,Ben Simmons,1610612755,PHI,80,51,29,33.8,15.8,95.0,34.0,7.0,4.45,3.53,0.166,1.3,3.2,4.6,0.613,0.197,0.764
40,202687,Bismack Biyombo,1610612753,ORL,82,25,57,18.2,5.7,30.3,15.1,0.8,1.52,0.28,0.189,2.9,0.5,5.3,0.295,0.579,0.727
41,201933,Blake Griffin,1610612765,DET,58,28,30,34.0,21.4,86.3,51.0,4.0,2.81,1.95,0.248,3.9,6.4,3.2,0.384,0.436,0.76
42,1626246,Boban Marjanovic,1610612746,LAC,39,18,21,8.7,6.0,13.3,8.8,0.4,1.65,0.36,0.453,1.1,3.2,4.5,0.244,0.635,0.943
43,201628,Bobby Brown,1610612745,HOU,20,17,3,5.7,2.5,12.0,6.5,0.9,4.41,3.91,0.209,0.1,0.0,0.0,0.0,0.0,0.0
44,1626171,Bobby Portis,1610612741,CHI,73,25,48,22.5,13.2,43.0,27.3,1.3,1.76,0.85,0.307,2.2,2.6,4.3,0.362,0.613,0.889
45,203992,Bogdan Bogdanovic,1610612758,SAC,78,26,52,27.9,11.8,48.8,33.4,2.5,3.13,2.31,0.241,0.7,0.3,1.0,0.509,0.583,0.654
46,202711,Bojan Bogdanovic,1610612754,IND,80,47,33,30.8,14.3,36.1,29.3,1.3,2.09,1.18,0.395,0.9,0.3,0.9,0.87,0.462,1.133
47,203078,Bradley Beal,1610612764,WAS,82,43,39,36.3,22.6,70.2,43.0,4.6,3.94,3.27,0.323,0.8,0.4,1.4,0.563,0.484,0.766
48,201148,Brandan Wright,1610612745,HOU,28,11,17,13.6,5.0,19.7,11.3,0.5,1.61,0.59,0.252,1.8,0.5,3.7,0.255,0.533,0.942
49,1627742,Brandon Ingram,1610612747,LAL,59,27,32,33.5,16.1,56.7,34.4,3.7,3.94,2.94,0.284,1.0,0.9,2.3,0.579,0.415,0.881
50,201943,Brandon Jennings,1610612749,MIL,14,8,6,14.7,5.2,36.7,11.9,2.9,4.69,4.6,0.142,0.1,0.1,0.1,0.0,0.0,0.0
51,203464,Brandon Paul,1610612759,SAS,64,38,26,9.0,2.3,11.3,8.0,0.4,1.98,1.1,0.204,0.2,0.0,0.3,0.833,0.0,1.091
52,1627362,Briante Weber,1610612763,MEM,18,8,10,13.1,2.8,27.2,9.0,1.9,4.15,3.77,0.102,0.2,0.1,0.5,0.0,0.0,0.222
53,1627744,Brice Johnson,1610612763,MEM,18,2,16,5.4,2.4,9.9,4.8,0.2,1.44,0.42,0.242,0.7,0.3,0.9,0.615,1.0,0.938
54,201572,Brook Lopez,1610612747,LAL,74,34,40,23.4,13.0,37.2,26.1,1.1,1.74,0.54,0.349,3.0,5.5,3.1,0.416,0.495,0.948
55,203998,Bruno Caboclo,1610612758,SAC,12,4,8,8.9,2.2,13.5,6.4,0.3,1.27,0.27,0.16,0.3,0.7,0.8,0.667,0.75,0.8
56,1627854,Bryn Forbes,1610612759,SAS,80,46,34,19.0,6.9,21.5,16.4,0.8,2.33,1.74,0.322,0.3,0.0,0.2,0.333,0.0,0.692
57,1627741,Buddy Hield,1610612758,SAC,80,27,53,25.3,13.5,38.6,27.2,1.8,2.74,2.09,0.35,0.5,0.0,0.8,0.561,1.0,0.828
58,203710,C.J. Williams,1610612746,LAC,38,17,21,18.6,5.5,20.6,14.7,0.7,2.03,1.21,0.267,0.1,0.0,0.7,0.8,0.0,1.04
59,203468,CJ McCollum,1610612757,POR,81,48,33,36.1,21.4,59.0,31.1,4.4,4.53,4.14,0.362,0.5,0.0,0.8,0.537,0.0,0.738
60,101139,CJ Miles,1610612761,TOR,70,50,20,19.1,10.0,22.8,17.1,0.6,1.63,0.83,0.439,0.2,0.0,0.2,0.429,0.0,0.929
61,1628403,Caleb Swanigan,1610612757,POR,27,16,11,7.0,2.3,9.3,6.3,0.3,2.0,0.6,0.244,1.0,1.0,1.9,0.269,0.222,0.784
62,1626166,Cameron Payne,1610612741,CHI,25,7,18,23.3,8.8,57.6,21.2,3.8,3.98,3.32,0.154,0.2,0.0,0.7,0.4,0.0,0.722
63,1627747,Caris LeVert,1610612751,BKN,69,24,45,26.1,12.0,50.9,28.2,3.4,4.0,3.53,0.235,0.4,0.0,1.2,0.423,0.0,0.6
64,2546,Carmelo Anthony,1610612760,OKC,76,46,30,32.0,16.3,53.9,28.5,1.8,2.06,0.97,0.302,1.4,3.6,1.4,0.429,0.654,0.981
65,1626224,Cedi Osman,1610612739,CLE,61,35,26,11.0,3.9,14.7,7.7,0.6,2.25,1.46,0.266,0.1,0.0,0.5,0.5,0.0,0.727
66,202718,Chandler Parsons,1610612763,MEM,36,12,24,19.2,7.9,30.3,22.3,1.3,2.56,1.51,0.26,0.4,0.3,0.5,0.429,0.182,0.889
67,101112,Channing Frye,1610612747,LAL,53,28,25,13.1,5.0,22.1,11.2,0.6,1.52,0.45,0.225,0.6,0.7,0.9,0.424,0.676,1.063
68,1628429,Charles Cooke,1610612740,NOP,13,8,5,2.9,0.5,3.3,2.2,0.1,2.61,1.7,0.14,0.0,0.0,0.0,0.0,0.0,0.0
69,1627767,Cheick Diallo,1610612740,NOP,52,29,23,11.2,4.9,17.3,7.2,0.4,1.42,0.31,0.283,0.9,0.4,2.5,0.833,0.727,0.992
70,1627778,Chinanu Onuaku,1610612745,HOU,1,0,1,21.6,4.0,26.0,18.0,0.7,1.66,0.38,0.154,3.0,3.0,4.0,0.0,0.667,0.0
71,1628449,Chris Boucher,1610612744,GSW,1,1,0,1.3,0.0,4.0,3.0,0.1,1.63,0.0,0.0,0.0,0.0,0.0,0.0,0.0,0.0
72,1626191,Chris McCullough,1610612764,WAS,19,11,8,4.7,2.4,9.5,4.5,0.2,1.49,0.58,0.256,0.5,0.1,1.0,0.222,0.0,0.737
73,101108,Chris Paul,1610612745,HOU,58,50,8,31.8,18.6,71.4,24.3,6.8,5.72,5.1,0.261,0.4,1.3,0.7,0.625,0.487,0.421
74,203991,Clint Capela,1610612745,HOU,74,62,12,27.5,13.9,51.5,25.3,1.3,1.48,0.35,0.269,5.1,0.7,10.7,0.516,0.636,0.919
75,203469,Cody Zeller,1610612766,CHA,33,14,19,19.0,7.1,19.8,14.6,0.5,1.51,0.63,0.356,3.1,0.2,4.5,0.406,0.4,0.812
76,202332,Cole Aldrich,1610612750,MIN,21,14,7,2.3,0.6,3.8,2.0,0.1,1.47,0.28,0.15,0.4,0.1,0.8,0.333,0.667,0.563
77,201147,Corey Brewer,1610612760,OKC,72,32,40,16.8,5.3,16.2,10.2,0.5,1.98,1.26,0.325,0.4,0.0,1.1,0.519,0.0,0.671
78,202709,Cory Joseph,1610612754,IND,82,48,34,27.0,7.9,51.6,22.0,3.8,4.37,4.52,0.153,0.5,0.0,0.5,0.59,0.5,0.553
79,201584,Courtney Lee,1610612752,NYK,75,26,49,30.4,11.9,38.5,29.3,1.8,2.78,1.91,0.309,0.9,0.0,0.9,0.515,2.0,0.8
80,1626245,Cristiano Felicio,1610612741,CHI,55,13,42,17.8,5.6,21.0,15.9,0.7,1.87,0.6,0.266,2.9,1.3,4.1,0.34,0.338,0.749
81,1626156,D'Angelo Russell,1610612751,BKN,48,16,32,25.7,15.5,66.5,29.8,5.2,4.69,4.05,0.233,0.4,0.3,0.8,0.474,0.0,0.825
82,201571,D.J. Augustin,1610612753,ORL,75,23,52,23.5,10.2,52.4,21.6,4.4,4.99,5.12,0.195,0.3,0.0,0.5,0.731,0.0,0.371
83,1628391,D.J. Wilson,1610612749,MIL,22,12,10,3.2,1.0,5.0,2.7,0.1,1.55,0.42,0.193,0.5,0.0,0.2,0.2,0.0,0.8
84,1626177,Dakari Johnson,1610612760,OKC,30,21,9,4.9,1.8,5.9,4.1,0.2,1.9,0.59,0.303,0.4,0.5,0.9,0.308,0.867,0.556
85,1627745,Damian Jones,1610612744,GSW,15,7,8,5.9,1.7,7.3,4.7,0.2,1.49,0.3,0.229,0.7,0.3,1.7,0.0,0.0,0.72
86,203081,Damian Lillard,1610612757,POR,73,44,29,36.6,26.9,82.2,30.1,7.9,5.75,5.33,0.327,0.5,0.0,0.8,0.615,1.0,0.695
87,2863,Damien Wilkins,1610612754,IND,19,10,9,8.0,1.7,10.2,7.9,0.4,2.49,1.36,0.171,0.2,0.2,0.4,0.0,0.5,0.0
88,1627814,Damion Lee,1610612737,ATL,15,4,11,27.0,10.7,41.0,25.3,1.9,2.77,1.96,0.262,0.6,0.0,1.3,0.667,0.0,0.789
89,1628422,Damyean Dotson,1610612752,NYK,44,11,33,10.8,4.1,13.8,10.6,0.5,2.03,1.26,0.299,0.2,0.0,0.5,0.4,0.0,1.0
90,1627772,Daniel Hamilton,1610612760,OKC,6,5,1,4.6,2.0,11.2,4.0,1.0,5.22,4.92,0.179,0.2,0.0,0.0,0.0,0.0,0.0
91,1628464,Daniel Theis,1610612738,BOS,60,41,19,14.9,5.4,23.7,15.1,0.6,1.59,0.34,0.228,1.3,0.5,3.4,0.468,0.467,0.846
92,201568,Danilo Gallinari,1610612746,LAC,21,11,10,32.0,15.3,51.5,32.1,2.2,2.55,1.29,0.297,1.0,2.3,2.0,0.8,0.458,0.81
93,201980,Danny Green,1610612759,SAS,70,40,30,25.6,8.6,38.6,26.0,1.3,2.07,1.14,0.222,0.5,0.0,0.9,0.5,0.0,0.656
94,201967,Dante Cunningham,1610612751,BKN,73,34,39,21.4,5.7,27.9,14.6,0.6,1.25,0.27,0.204,0.8,0.2,2.1,0.579,0.118,0.713
95,203957,Dante Exum,1610612762,UTA,14,10,4,16.8,8.1,35.4,14.1,2.6,4.45,3.93,0.23,0.4,0.0,0.8,0.8,0.0,0.545
96,1627863,Danuel House,1610612756,PHX,23,6,17,17.5,6.6,21.0,14.7,0.7,2.13,1.17,0.315,0.5,0.1,1.0,0.636,0.0,1.042
97,203967,Dario Saric,1610612755,PHI,77,49,28,29.6,14.6,60.4,38.1,1.6,1.61,0.62,0.242,2.9,2.0,4.3,0.386,0.383,0.764
98,203121,Darius Miller,1610612740,NOP,82,48,34,23.7,7.8,23.1,17.0,0.7,1.75,0.86,0.336,0.4,0.0,0.3,0.333,0.0,0.19
99,201589,Darrell Arthur,1610612743,DEN,19,12,7,7.4,2.8,11.8,7.3,0.3,1.45,0.4,0.24,0.6,0.2,1.0,0.364,0.5,0.737
100,201954,Darren Collison,1610612754,IND,69,39,30,29.3,12.4,63.0,27.0,4.8,4.61,4.19,0.197,0.3,0.0,0.5,0.944,0.0,1.0
101,1626199,Darrun Hilliard,1610612759,SAS,14,8,6,6.8,1.1,9.7,6.5,0.5,2.79,1.89,0.118,0.1,0.0,0.1,0.0,0.0,0.0
102,1628021,David Nwaba,1610612741,CHI,70,26,44,23.5,7.9,23.5,16.4,1.0,2.57,2.02,0.337,0.7,0.4,2.3,0.481,0.714,0.925
103,204065,David Stockton,1610612762,UTA,3,3,0,3.1,3.3,7.0,1.7,0.8,7.13,6.72,0.476,0.0,0.0,0.0,0.0,0.0,0.0
104,2561,David West,1610612744,GSW,73,52,21,13.7,6.8,26.5,19.2,0.8,1.72,0.5,0.256,2.7,3.4,3.3,0.495,0.271,0.988
105,202722,Davis Bertans,1610612759,SAS,77,43,34,14.1,5.9,24.2,13.6,0.6,1.4,0.5,0.245,0.3,0.1,0.7,0.25,0.6,0.922
106,1628432,Davon Reed,1610612756,PHX,21,2,19,11.5,3.0,15.9,9.9,0.6,2.29,1.5,0.189,0.3,0.0,0.3,0.667,0.0,0.5
107,1628368,De'Aaron Fox,1610612758,SAC,73,24,49,27.7,11.6,67.8,23.4,5.3,4.65,4.37,0.17,0.4,0.0,0.7,0.581,0.0,0.692
108,201599,DeAndre Jordan,1610612746,LAC,77,39,38,31.5,12.0,55.3,25.6,1.4,1.53,0.23,0.218,2.7,1.5,10.3,0.24,0.277,0.972
109,202732,DeAndre Liggins,1610612740,NOP,57,34,23,12.4,1.8,12.3,8.5,0.5,2.47,1.75,0.144,0.1,0.0,0.2,0.0,3.0,0.889
110,1627761,DeAndre' Bembry,1610612737,ATL,25,8,17,18.2,5.4,29.9,18.6,1.5,3.08,2.43,0.182,0.3,0.1,1.0,0.714,0.0,0.654
111,201942,DeMar DeRozan,1610612761,TOR,80,57,23,33.9,23.0,63.3,38.2,4.9,4.68,3.99,0.363,1.4,1.2,1.1,0.618,0.452,0.857
112,202326,DeMarcus Cousins,1610612740,NOP,48,27,21,36.2,25.2,89.4,57.0,3.9,2.59,1.29,0.282,4.0,7.5,5.0,0.258,0.445,0.938
113,201960,DeMarre Carroll,1610612751,BKN,71,24,47,29.9,13.7,51.3,31.6,2.1,2.48,1.47,0.267,0.4,0.2,1.8,0.615,0.0,0.651
114,1627749,Dejounte Murray,1610612759,SAS,81,47,34,21.5,8.1,52.6,17.5,4.3,4.89,4.51,0.153,0.6,0.0,2.2,0.449,1.25,0.758
115,1626153,Delon Wright,1610612761,TOR,69,49,20,20.8,8.0,42.4,21.9,2.9,4.1,3.58,0.189,0.3,0.0,0.9,0.409,0.0,0.898
116,1627743,Demetrius Jackson,1610612755,PHI,15,12,3,5.3,1.1,12.7,4.6,0.9,4.39,4.32,0.084,0.1,0.0,0.2,0.0,0.0,0.0
117,203471,Dennis Schroder,1610612737,ATL,66,21,45,30.9,19.4,87.4,36.5,7.1,4.88,4.15,0.221,0.4,0.0,0.5,0.444,0.0,0.343
118,1628372,Dennis Smith Jr.,1610612742,DAL,69,22,47,29.7,15.2,78.6,29.2,6.5,4.96,4.7,0.193,0.5,0.3,1.1,0.459,0.444,0.709
119,1627756,Denzel Valentine,1610612741,CHI,77,26,51,27.2,10.2,40.0,29.5,1.9,2.79,2.07,0.254,0.5,0.0,0.8,0.514,1.0,0.542
120,202324,Derrick Favors,1610612762,UTA,77,46,31,28.0,12.3,51.5,32.4,1.2,1.36,0.31,0.238,4.8,1.8,7.7,0.597,0.304,0.963
121,1627884,Derrick Jones Jr.,1610612748,MIA,20,9,11,12.3,3.1,10.8,7.5,0.3,1.6,0.79,0.282,0.3,0.0,1.3,0.5,0.0,0.962
122,201565,Derrick Rose,1610612750,MIN,25,15,10,16.8,8.4,29.2,11.8,2.0,4.04,3.51,0.286,0.3,0.1,1.2,1.25,0.0,1.069
123,1628476,Derrick Walton Jr.,1610612748,MIA,16,8,8,9.2,1.8,16.4,7.1,1.1,4.04,3.45,0.111,0.1,0.0,0.1,0.0,0.0,0.0
124,1628401,Derrick White,1610612759,SAS,17,7,10,8.2,3.2,13.9,6.2,0.8,3.65,3.08,0.228,0.1,0.0,0.5,0.5,0.0,0.875
125,202682,Derrick Williams,1610612747,LAL,2,1,1,4.3,1.0,6.5,4.0,0.2,1.97,0.77,0.154,0.0,0.0,0.5,0.0,0.0,2.0
126,1626164,Devin Booker,1610612756,PHX,54,16,38,34.5,24.9,67.2,38.0,4.8,4.24,3.57,0.371,1.1,1.9,1.4,0.6,0.495,0.795
127,2734,Devin Harris,1610612743,DEN,71,33,38,18.9,8.4,33.7,17.9,2.1,3.68,3.23,0.248,0.7,0.0,0.4,0.404,0.0,0.714
128,1628421,Devin Robinson,1610612764,WAS,1,0,1,13.2,2.0,20.0,15.0,0.5,1.35,0.3,0.1,0.0,0.0,2.0,0.0,0.0,1.0
129,203473,Dewayne Dedmon,1610612737,ATL,61,18,43,24.9,10.0,42.0,24.6,1.0,1.47,0.34,0.239,3.7,0.6,4.2,0.395,0.429,0.981
130,1627738,Deyonta Davis,1610612763,MEM,62,16,46,15.2,5.8,22.1,12.1,0.5,1.36,0.24,0.263,2.2,0.4,3.9,0.191,0.308,1.061
131,1628415,Dillon Brooks,1610612763,MEM,82,22,60,28.7,11.0,38.9,30.0,1.5,2.39,1.39,0.282,0.9,0.1,1.5,0.31,0.6,0.653
132,203079,Dion Waiters,1610612748,MIA,29,15,14,30.8,14.7,56.3,31.0,4.4,4.66,4.1,0.261,0.7,0.0,0.5,0.4,0.0,0.571
133,1717,Dirk Nowitzki,1610612742,DAL,77,24,53,24.7,12.0,42.6,27.6,1.0,1.39,0.25,0.283,1.9,2.6,0.9,0.469,0.627,0.866
134,1627734,Domantas Sabonis,1610612754,IND,74,45,29,24.5,11.6,54.8,32.9,1.4,1.51,0.61,0.212,4.8,2.6,6.0,0.632,0.466,0.798
135,1628378,Donovan Mitchell,1610612762,UTA,79,46,33,33.4,20.5,61.2,35.2,4.4,4.27,3.8,0.334,0.7,0.1,1.0,0.69,0.0,0.927
136,1627827,Dorian Finney-Smith,1610612742,DAL,21,4,17,21.3,5.9,27.1,17.2,0.8,1.88,0.82,0.216,0.3,0.2,1.4,0.5,0.0,0.9
137,203926,Doug McDermott,1610612742,DAL,80,29,51,21.7,7.7,26.3,21.3,0.7,1.5,0.45,0.294,0.7,0.1,1.8,0.5,0.364,1.055
138,1627733,Dragan Bender,1610612756,PHX,82,21,61,25.2,6.5,45.0,22.8,1.1,1.51,0.45,0.144,0.8,1.1,1.2,0.294,0.141,0.677
139,203110,Draymond Green,1610612744,GSW,70,48,22,32.7,11.0,78.2,39.5,2.9,2.22,1.28,0.141,2.2,4.3,3.7,0.404,0.151,0.703
140,1628407,Dwayne Bacon,1610612766,CHA,53,25,28,13.5,3.3,14.0,9.9,0.6,2.68,1.77,0.236,0.1,0.0,0.0,0.667,0.0,0.0
141,202779,Dwight Buycks,1610612765,DET,29,10,19,14.7,7.4,35.1,12.2,3.3,5.67,5.26,0.211,0.2,0.0,0.5,0.857,0.0,0.533
142,2730,Dwight Howard,1610612766,CHA,81,35,46,30.4,16.6,48.1,27.0,1.6,2.02,0.91,0.346,2.6,8.2,9.3,0.402,0.563,0.988
143,203939,Dwight Powell,1610612742,DAL,79,23,56,21.2,8.5,33.6,18.9,0.9,1.53,0.41,0.253,2.4,0.4,5.9,0.354,0.424,0.894
144,2548,Dwyane Wade,1610612748,MIA,67,37,30,22.9,11.4,47.8,23.0,3.2,4.01,3.07,0.239,1.0,2.0,2.1,0.514,0.511,0.852
145,202734,E'Twaun Moore,1610612740,NOP,82,48,34,31.5,12.5,39.0,27.6,1.5,2.24,1.62,0.319,1.1,0.2,1.9,0.681,0.647,1.032
146,202334,Ed Davis,1610612757,POR,78,48,30,18.9,5.3,30.5,12.3,0.8,1.67,0.45,0.174,1.8,0.4,4.8,0.507,0.393,0.779
147,1628410,Edmond Sumner,1610612754,IND,1,0,1,2.2,2.0,4.0,1.0,0.3,4.66,4.0,0.5,0.0,0.0,0.0,0.0,0.0,0.0
148,202327,Ekpe Udoh,1610612762,UTA,63,36,27,12.9,2.6,17.9,11.1,0.4,1.42,0.35,0.144,2.0,0.4,2.8,0.209,0.16,0.68
149,203901,Elfrid Payton,1610612756,PHX,63,13,50,28.7,12.7,65.5,20.9,5.6,5.1,4.69,0.193,1.0,0.1,1.6,0.636,0.375,0.67
150,2731,Emeka Okafor,1610612740,NOP,26,16,10,13.6,4.4,14.9,8.2,0.3,1.16,0.19,0.295,1.4,0.7,4.0,0.27,0.444,0.67
151,1626144,Emmanuel Mudiay,1610612752,NYK,64,29,35,19.4,8.6,45.6,17.7,3.5,4.56,4.11,0.189,0.3,0.1,0.8,1.0,0.889,0.653
152,202683,Enes Kanter,1610612752,NYK,70,26,44,25.8,14.1,51.4,29.8,1.5,1.78,0.44,0.275,3.5,5.9,7.9,0.517,0.524,1.007
153,202339,Eric Bledsoe,1610612749,MIL,74,40,34,31.4,17.7,71.8,27.4,5.5,4.6,4.0,0.247,0.8,0.4,1.4,0.169,0.531,0.861
154,201569,Eric Gordon,1610612745,HOU,69,55,14,31.2,18.0,40.2,25.3,2.0,2.95,2.46,0.448,0.3,0.1,0.7,0.55,0.5,0.844
155,203961,Eric Moreland,1610612765,DET,67,32,35,12.0,2.1,16.1,12.1,0.5,2.05,0.68,0.133,3.5,0.4,2.8,0.094,0.143,0.5
156,1628571,Erik McCree,1610612762,UTA,4,4,0,1.9,0.0,2.5,1.3,0.2,3.84,2.5,0.0,0.0,0.0,0.0,0.0,0.0,0.0
157,101141,Ersan Ilyasova,1610612755,PHI,69,36,33,25.1,10.9,45.7,27.3,1.0,1.36,0.45,0.238,2.8,0.7,3.8,0.391,0.66,0.862
158,203095,Evan Fournier,1610612753,ORL,57,20,37,32.2,17.8,41.7,32.9,1.8,2.53,1.79,0.426,0.8,0.1,1.2,0.864,0.286,1.014
159,202323,Evan Turner,1610612757,POR,79,48,31,25.7,8.2,38.7,21.3,2.4,3.71,2.82,0.212,0.2,1.8,0.8,0.737,0.65,0.896
160,1626163,Frank Kaminsky,1610612766,CHA,79,35,44,23.2,11.1,47.3,26.6,1.3,1.64,0.6,0.233,2.0,1.2,1.3,0.443,0.598,0.827
161,1628412,Frank Mason,1610612758,SAC,52,17,35,18.9,7.9,43.7,16.2,3.9,5.29,4.89,0.182,0.4,0.0,0.6,0.579,0.0,0.5
162,1628373,Frank Ntilikina,1610612752,NYK,77,27,50,22.0,6.0,48.3,20.0,3.6,4.48,4.14,0.124,0.3,0.2,0.5,0.3,0.133,0.605
163,1627832,Fred VanVleet,1610612761,TOR,76,55,21,20.0,8.6,39.9,18.5,2.9,4.39,4.26,0.217,0.2,0.0,0.3,0.583,0.0,0.55
164,1627788,Furkan Korkmaz,1610612755,PHI,14,11,3,5.7,1.6,6.6,4.7,0.2,2.06,1.38,0.25,0.1,0.0,0.1,0.0,0.0,2.0
165,202066,Garrett Temple,1610612758,SAC,65,23,42,24.8,8.4,38.2,25.1,1.9,2.99,2.3,0.22,0.4,0.0,0.8,0.652,0.0,0.54
166,203914,Gary Harris,1610612743,DEN,67,37,30,34.4,17.5,42.2,33.7,1.7,2.47,1.99,0.413,0.6,0.1,1.2,0.923,0.0,0.75
167,1627780,Gary Payton II,1610612747,LAL,23,10,13,9.6,3.0,14.9,6.9,0.7,2.86,2.38,0.201,0.3,0.0,1.5,0.0,0.0,0.824
168,201588,George Hill,1610612739,CLE,67,28,39,27.0,10.0,54.4,23.7,4.1,4.51,4.01,0.183,0.3,0.3,0.8,0.348,0.111,0.706
169,1627777,Georges Niang,1610612762,UTA,9,9,0,3.5,1.0,5.2,3.4,0.2,2.69,1.53,0.191,0.1,0.2,0.7,0.0,1.0,0.333
170,1627834,Georgios Papagiannis,1610612757,POR,17,3,14,7.2,2.1,13.9,7.1,0.4,1.58,0.38,0.152,1.7,1.0,1.9,0.345,0.353,0.667
171,101123,Gerald Green,1610612745,HOU,41,33,8,22.7,12.1,29.1,16.4,1.3,2.63,1.77,0.417,0.3,0.1,0.5,0.545,2.0,0.636
172,1628492,Gian Clavell,1610612742,DAL,7,0,7,9.1,2.9,9.9,7.1,0.3,1.92,1.19,0.29,0.3,0.0,0.3,0.0,0.0,0.0
173,203507,Giannis Antetokounmpo,1610612749,MIL,74,39,35,36.7,26.8,85.7,45.2,4.8,3.33,2.32,0.313,4.7,3.9,5.3,0.489,0.418,1.064
174,203922,Glenn Robinson III,1610612754,IND,23,14,9,14.7,4.1,16.6,12.2,0.5,1.73,0.85,0.249,0.2,0.0,0.9,0.6,2.0,0.85
175,201609,Goran Dragic,1610612748,MIA,74,38,36,31.7,17.2,79.1,34.2,6.1,4.61,4.29,0.218,1.0,0.2,1.4,0.592,0.467,0.75
176,202330,Gordon Hayward,1610612738,BOS,1,0,1,5.3,2.0,9.0,7.0,0.2,1.32,0.67,0.222,1.0,0.0,0.0,2.0,0.0,0.0
177,203476,Gorgui Dieng,1610612750,MIN,79,45,34,16.9,5.9,28.3,16.3,0.7,1.59,0.45,0.21,2.1,0.6,3.2,0.455,0.367,0.713
178,202328,Greg Monroe,1610612738,BOS,50,21,29,20.5,10.3,38.3,25.7,1.4,2.18,0.72,0.27,3.7,5.0,5.3,0.355,0.454,0.898
179,1627824,Guerschon Yabusele,1610612738,BOS,32,23,9,7.3,2.5,14.1,8.9,0.4,1.77,0.73,0.175,0.3,0.3,0.8,0.5,0.625,0.583
180,203084,Harrison Barnes,1610612742,DAL,77,24,53,34.2,18.9,59.2,36.3,2.5,2.49,1.41,0.318,1.2,4.5,1.7,0.684,0.501,0.896
181,202355,Hassan Whiteside,1610612748,MIA,54,30,24,25.3,14.0,33.7,22.8,1.1,1.89,0.57,0.414,4.5,4.4,9.1,0.412,0.513,0.964
182,1627740,Henry Ellenson,1610612765,DET,38,21,17,8.7,4.0,19.5,9.1,0.6,1.8,0.92,0.204,0.5,0.3,0.5,0.333,0.4,0.789
183,203546,Ian Clark,1610612740,NOP,74,43,31,19.7,7.4,26.4,16.1,1.3,2.99,2.49,0.282,0.3,0.0,0.6,0.8,0.0,0.822
184,101133,Ian Mahinmi,1610612764,WAS,77,42,35,14.9,4.8,21.1,11.2,0.5,1.49,0.33,0.225,2.2,0.3,4.0,0.396,0.409,0.812
185,1628387,Ike Anigbogu,1610612754,IND,11,5,6,2.7,1.2,5.5,2.7,0.1,1.34,0.45,0.217,0.1,0.4,0.6,2.0,0.5,1.0
186,202697,Iman Shumpert,1610612758,SAC,14,9,5,19.7,4.4,28.6,11.5,1.8,3.85,3.5,0.155,0.3,0.0,0.6,1.0,0.0,1.25
187,203477,Isaiah Canaan,1610612756,PHX,20,9,11,21.1,8.6,53.1,21.0,4.6,5.24,5.14,0.162,0.0,0.0,0.5,0.0,0.0,0.222
188,1628439,Isaiah Hicks,1610612752,NYK,18,4,14,13.3,4.4,19.0,11.4,0.5,1.58,0.44,0.234,1.2,1.1,2.4,0.571,0.526,0.744
189,1627819,Isaiah Taylor,1610612737,ATL,67,18,49,17.4,6.6,39.5,17.7,2.9,4.39,4.09,0.168,0.3,0.0,0.4,0.895,0.0,0.655
190,202738,Isaiah Thomas,1610612747,LAL,32,15,17,26.9,15.2,56.8,22.7,4.6,4.83,4.45,0.267,0.3,0.0,0.3,0.875,0.0,0.545
191,1627785,Isaiah Whitehead,1610612751,BKN,15,2,13,10.9,5.8,20.2,9.2,1.5,4.55,4.26,0.287,0.1,0.0,0.3,0.0,0.0,0.5
192,202397,Ish Smith,1610612765,DET,82,39,43,24.9,10.9,62.8,19.1,5.2,4.95,5.09,0.174,0.3,0.0,0.7,0.435,0.0,0.721
193,1628397,Ivan Rabb,1610612763,MEM,36,6,30,14.3,5.6,24.6,14.1,0.7,1.79,0.56,0.227,2.6,1.7,3.9,0.379,0.475,0.768
194,1627826,Ivica Zubac,1610612747,LAL,43,19,24,9.5,3.7,17.4,9.4,0.4,1.38,0.31,0.216,1.5,1.1,2.9,0.381,0.125,0.888
195,200826,J.J. Barea,1610612742,DAL,69,23,46,23.2,11.6,63.6,25.7,5.5,5.22,5.21,0.183,0.4,0.0,0.2,0.519,0.0,0.5
196,200755,JJ Redick,1610612755,PHI,69,45,24,30.2,17.0,45.2,39.2,1.4,1.83,1.04,0.377,0.6,0.0,0.7,0.359,1.0,0.7
197,2747,JR Smith,1610612739,CLE,80,49,31,28.1,8.3,31.7,20.2,1.3,2.42,1.74,0.261,0.3,0.0,0.6,0.583,0.667,0.362
198,203960,JaKarr Sampson,1610612758,SAC,22,6,16,15.6,4.7,19.7,11.0,0.5,1.66,0.47,0.238,0.6,1.0,2.0,0.286,0.429,1.022
199,203210,JaMychal Green,1610612763,MEM,55,11,44,28.0,10.3,46.0,25.5,1.2,1.62,0.51,0.225,2.5,1.7,5.2,0.356,0.441,0.817
200,201580,JaVale McGee,1610612744,GSW,65,45,20,9.5,4.8,13.6,8.2,0.3,1.28,0.36,0.351,1.2,0.7,2.7,0.663,0.5,1.011
201,1628444,Jabari Bird,1610612738,BOS,13,8,5,8.8,3.0,8.4,5.8,0.3,2.19,1.43,0.358,0.2,0.0,0.8,0.667,0.0,1.091
202,203953,Jabari Parker,1610612749,MIL,31,16,15,24.0,12.6,45.4,27.1,1.5,2.01,1.23,0.278,1.7,1.1,3.0,0.463,0.412,0.624
203,204022,Jack Cooley,1610612758,SAC,7,4,3,12.5,5.7,18.3,13.1,0.6,1.82,0.4,0.313,2.4,1.1,4.6,0.412,0.5,0.844
204,1626643,Jacob Pullen,1610612755,PHI,3,2,1,2.0,0.7,3.3,2.0,0.3,6.07,6.5,0.2,0.0,0.0,0.0,0.0,0.0,0.0
205,1628451,Jacob Wiley,1610612751,BKN,4,1,3,8.1,1.0,11.3,5.0,0.3,1.4,0.58,0.089,0.8,0.0,0.8,0.333,0.0,0.333
206,203109,Jae Crowder,1610612762,UTA,80,52,28,26.1,9.7,38.6,22.5,1.0,1.56,0.7,0.25,0.6,0.5,1.8,0.636,0.158,0.931
207,1626143,Jahlil Okafor,1610612751,BKN,28,7,21,12.6,6.3,20.5,14.4,0.8,2.23,1.09,0.307,2.3,3.0,2.8,0.609,0.524,0.873
208,1627774,Jake Layman,1610612757,POR,35,22,13,4.6,1.0,5.3,4.1,0.2,1.75,0.88,0.184,0.1,0.1,0.2,0.0,0.0,0.714
209,1627751,Jakob Poeltl,1610612761,TOR,82,59,23,18.6,6.9,27.1,14.8,0.6,1.27,0.29,0.255,2.2,0.4,5.4,0.506,0.406,0.919
210,1627883,Jalen Jones,1610612742,DAL,16,3,13,11.3,4.6,15.4,9.1,0.6,2.15,1.25,0.301,0.3,0.1,0.9,0.6,0.0,1.0
211,2037,Jamal Crawford,1610612750,MIN,80,45,35,20.7,10.3,29.4,17.9,2.0,4.02,3.75,0.35,0.3,0.0,0.2,0.652,2.0,0.5
212,1627750,Jamal Murray,1610612743,DEN,81,46,35,31.7,16.7,70.8,29.6,5.2,4.36,3.84,0.236,0.6,0.1,1.6,0.556,0.333,0.782
213,1627866,Jameel Warney,1610612742,DAL,3,1,2,9.0,5.7,12.3,9.0,0.3,1.59,0.43,0.459,1.3,2.3,4.0,0.5,0.571,1.0
214,2749,Jameer Nelson,1610612765,DET,50,25,25,20.3,4.9,49.7,19.7,3.5,4.21,3.76,0.099,0.1,0.0,0.4,0.286,0.0,0.0
215,1628503,Jamel Artis,1610612753,ORL,15,4,11,18.6,5.1,24.3,15.2,1.1,2.61,1.89,0.211,0.5,0.3,0.5,0.857,0.0,1.286
216,203516,James Ennis III,1610612765,DET,72,25,47,22.3,7.1,21.7,16.8,0.8,2.18,1.19,0.328,0.6,0.1,1.8,1.0,0.4,0.876
217,201935,James Harden,1610612745,HOU,72,59,13,35.4,30.4,83.4,25.7,8.8,6.34,5.86,0.365,0.6,1.4,1.0,0.25,0.485,0.606
218,201949,James Johnson,1610612748,MIA,72,36,36,26.6,10.7,53.2,25.3,2.6,2.89,2.13,0.201,1.4,1.5,1.7,0.427,0.349,0.902
219,203949,James Michael McAdoo,1610612755,PHI,3,1,2,6.0,2.7,9.7,6.0,0.2,0.99,0.17,0.276,0.0,0.0,0.3,0.0,0.0,2.0
220,1627821,James Webb III,1610612751,BKN,10,1,9,12.0,1.6,21.7,10.6,0.4,1.18,0.24,0.074,0.1,0.4,0.8,0.0,0.0,0.0
221,203923,James Young,1610612755,PHI,6,4,2,10.2,2.8,9.0,7.8,0.3,1.73,0.43,0.315,0.5,0.0,0.3,0.0,0.0,0.0
222,203966,Jamil Wilson,1610612746,LAC,15,6,9,18.3,7.0,27.1,15.4,0.6,1.41,0.49,0.258,0.3,0.1,0.4,0.8,0.0,1.0
223,201162,Jared Dudley,1610612756,PHX,48,7,41,14.3,3.2,28.7,15.8,0.7,1.55,0.48,0.11,0.6,0.7,0.5,0.071,0.121,0.727
224,204067,Jarell Eddie,1610612741,CHI,3,1,2,2.9,0.0,2.7,1.7,0.1,2.31,1.63,0.0,0.0,0.0,0.0,0.0,0.0,0.0
225,1626185,Jarell Martin,1610612763,MEM,73,21,52,22.7,7.7,35.9,19.6,1.2,1.99,0.77,0.215,1.5,0.6,2.6,0.351,0.5,0.771
226,1628386,Jarrett Allen,1610612751,BKN,70,24,46,20.0,8.3,32.3,20.2,0.7,1.34,0.35,0.257,2.7,0.3,6.4,0.416,0.522,0.84
227,101127,Jarrett Jack,1610612752,NYK,61,25,36,24.8,7.4,63.4,21.1,5.2,4.9,4.65,0.117,0.3,0.2,0.2,0.313,0.0,0.5
228,201160,Jason Smith,1610612764,WAS,33,15,18,8.6,3.4,15.6,8.6,0.4,1.36,0.25,0.219,1.0,0.2,1.1,0.313,0.0,0.722
229,1891,Jason Terry,1610612749,MIL,51,27,24,16.0,3.3,18.7,11.4,0.5,1.74,1.03,0.174,0.1,0.0,0.1,0.571,0.0,0.0
230,1628393,Jawun Evans,1610612746,LAC,48,24,24,16.2,4.8,32.2,13.2,2.1,3.96,3.73,0.149,0.2,0.0,0.3,0.636,0.0,0.5
231,1627759,Jaylen Brown,1610612738,BOS,67,44,23,30.6,14.3,38.9,26.5,1.6,2.39,1.56,0.369,0.5,1.2,2.6,0.688,0.573,0.784
232,1628537,Jaylen Morris,1610612737,ATL,6,2,4,16.4,4.7,17.5,9.3,0.7,2.32,1.67,0.267,0.0,0.0,0.7,0.0,0.0,1.5
233,1628369,Jayson Tatum,1610612738,BOS,77,50,27,30.7,13.9,42.7,27.3,1.8,2.53,1.58,0.325,0.6,0.9,1.4,0.614,0.515,0.963
234,201145,Jeff Green,1610612739,CLE,78,47,31,23.4,10.8,33.1,18.1,1.4,2.55,1.54,0.327,0.9,1.3,2.3,0.535,0.615,1.006
235,201952,Jeff Teague,1610612750,MIN,70,41,29,33.0,14.2,76.0,24.1,7.1,5.57,5.33,0.187,0.2,0.1,0.3,0.294,1.2,0.429
236,203481,Jeff Withey,1610612742,DAL,10,2,8,3.9,1.5,5.7,3.7,0.1,1.4,0.26,0.263,0.5,0.2,0.2,1.0,0.0,1.0
237,203924,Jerami Grant,1610612760,OKC,80,48,32,20.3,8.4,30.9,16.6,0.8,1.59,0.56,0.272,1.8,1.0,3.2,0.676,0.608,0.843
238,202379,Jeremy Evans,1610612737,ATL,1,0,1,5.4,2.0,8.0,6.0,0.2,1.43,0.75,0.25,0.0,0.0,1.0,0.0,0.0,2.0
239,203087,Jeremy Lamb,1610612766,CHA,80,36,44,24.6,12.9,36.0,26.5,2.0,3.38,2.42,0.358,0.7,0.1,1.0,0.943,0.5,0.91
240,202391,Jeremy Lin,1610612751,BKN,1,0,1,25.2,18.0,50.0,22.0,4.3,5.11,5.22,0.36,1.0,0.0,1.0,2.0,0.0,2.0
241,1626170,Jerian Grant,1610612741,CHI,74,24,50,22.8,8.4,51.1,20.0,4.0,4.69,4.63,0.164,0.2,0.1,0.2,0.0,0.0,0.143
242,201573,Jerryd Bayless,1610612755,PHI,38,21,17,23.9,8.0,30.1,22.2,1.2,2.41,1.62,0.266,0.4,0.0,1.0,0.643,0.0,1.105
243,202710,Jimmy Butler,1610612750,MIN,59,37,22,36.7,22.2,63.1,40.3,4.5,4.25,3.1,0.351,1.1,2.6,3.0,0.667,0.422,0.989
244,201149,Joakim Noah,1610612752,NYK,7,1,6,5.7,1.7,13.4,7.4,0.3,1.48,0.61,0.128,0.6,0.4,1.6,0.0,0.0,0.545
245,201975,Jodie Meeks,1610612764,WAS,77,41,36,14.5,6.3,19.3,14.9,0.6,1.82,1.3,0.327,0.3,0.0,0.2,0.385,0.0,1.059
246,203925,Joe Harris,1610612751,BKN,77,26,51,25.3,10.9,36.9,28.5,1.2,1.88,0.87,0.295,0.6,0.0,1.2,0.688,0.0,0.8
247,204060,Joe Ingles,1610612762,UTA,82,48,34,31.4,11.5,51.6,37.0,2.5,2.92,1.97,0.222,1.2,0.0,0.5,0.158,0.0,0.707
248,2207,Joe Johnson,1610612745,HOU,55,35,20,21.9,6.8,33.9,19.8,1.5,2.58,1.64,0.199,0.5,2.5,0.4,0.481,0.547,0.609
249,1626202,Joe Young,1610612754,IND,53,28,25,10.5,3.9,16.8,8.2,1.1,4.11,3.81,0.233,0.1,0.0,0.2,0.0,1.0,0.5
250,1627762,Joel Bolomboy,1610612749,MIL,6,3,3,6.3,1.5,7.7,4.7,0.2,1.94,0.41,0.196,0.5,0.2,2.2,0.0,0.0,0.385
251,203954,Joel Embiid,1610612755,PHI,62,41,21,30.3,23.1,76.4,52.2,2.8,2.19,0.91,0.302,3.7,13.7,6.3,0.346,0.655,0.916
252,203530,Joffrey Lauvergne,1610612759,SAS,55,30,25,9.7,4.1,15.1,9.8,0.5,1.83,0.7,0.271,2.0,1.1,3.5,0.389,0.467,0.821
253,1628381,John Collins,1610612737,ATL,73,21,52,24.1,10.4,47.2,26.7,1.2,1.49,0.41,0.22,4.6,0.9,6.9,0.375,0.422,0.898
254,203089,John Henson,1610612749,MIL,75,39,36,26.0,8.9,30.7,19.8,0.8,1.47,0.34,0.288,4.0,0.6,7.7,0.262,0.574,0.853
255,204066,John Holland,1610612739,CLE,24,17,7,7.3,2.3,8.4,5.2,0.3,2.37,1.7,0.267,0.3,0.1,0.3,0.667,0.0,0.571
256,202322,John Wall,1610612764,WAS,41,23,18,34.4,19.4,80.6,23.3,8.5,6.3,5.62,0.241,0.3,0.2,0.2,0.364,0.444,1.2
257,1628405,Johnathan Motley,1610612742,DAL,11,1,10,16.0,8.7,26.6,17.0,0.9,2.0,0.8,0.328,3.1,2.0,3.6,0.588,0.636,1.025
258,203948,Johnny O'Bryant III,1610612766,CHA,36,15,21,10.5,4.8,17.3,10.1,0.5,1.77,0.77,0.275,1.0,1.3,1.9,0.333,0.447,0.667
259,202720,Jon Leuer,1610612765,DET,8,5,3,17.1,5.4,28.6,15.9,0.8,1.72,0.56,0.188,2.6,0.8,2.6,0.095,0.333,0.857
260,201973,Jonas Jerebko,1610612762,UTA,74,45,29,15.3,5.8,28.2,17.3,0.6,1.38,0.4,0.206,0.6,0.1,1.2,0.766,0.091,0.818
261,202685,Jonas Valanciunas,1610612761,TOR,77,56,21,22.4,12.7,47.5,25.5,1.4,1.76,0.58,0.268,3.5,2.8,6.7,0.701,0.696,0.949
262,1626780,Jonathan Gibson,1610612738,BOS,4,2,2,10.0,8.5,14.3,8.0,0.8,3.2,2.63,0.596,0.5,0.0,0.3,1.0,0.0,2.0
263,1628371,Jonathan Isaac,1610612753,ORL,27,11,16,19.8,5.4,28.0,14.9,0.7,1.53,0.56,0.192,0.7,0.5,1.7,0.35,0.308,0.702
264,203613,Jonathon Simmons,1610612753,ORL,69,21,48,29.4,13.9,42.3,30.4,2.5,3.48,2.87,0.329,0.9,0.7,1.4,0.508,0.56,0.711
265,1628395,Jordan Bell,1610612744,GSW,57,43,14,14.2,4.6,27.7,15.9,0.8,1.71,0.5,0.166,1.9,1.1,3.2,0.377,0.194,0.8
266,203903,Jordan Clarkson,1610612739,CLE,81,40,41,23.3,13.9,41.4,20.6,3.0,4.41,3.7,0.335,0.6,0.1,1.1,0.711,0.5,0.833
267,202348,Jordan Crawford,1610612740,NOP,5,3,2,10.7,6.6,27.0,10.4,2.0,4.54,4.21,0.244,0.0,0.2,0.2,0.0,0.0,0.0
268,1626175,Jordan Mickey,1610612748,MIA,23,15,8,12.3,4.0,23.3,9.7,0.6,1.58,0.53,0.174,1.6,0.7,1.8,0.595,0.375,0.878
269,101181,Jose Calderon,1610612739,CLE,57,33,24,16.0,4.5,31.4,10.7,2.3,4.43,4.23,0.142,0.2,0.0,0.4,0.455,0.0,0.455
270,1627982,Josh Gray,1610612756,PHX,5,0,5,17.3,6.4,43.6,14.8,3.9,5.34,5.38,0.147,0.2,0.0,0.4,0.0,0.0,0.0
271,1628404,Josh Hart,1610612747,LAL,63,27,36,23.2,7.9,24.4,15.2,1.0,2.37,1.6,0.323,0.4,0.1,1.0,0.778,0.0,0.631
272,203962,Josh Huestis,1610612760,OKC,68,43,25,14.2,2.3,12.9,7.4,0.3,1.46,0.48,0.181,0.2,0.0,0.9,0.071,1.0,0.61
273,1628367,Josh Jackson,1610612756,PHX,77,19,58,25.4,13.1,37.5,25.3,1.6,2.59,1.89,0.35,0.7,0.2,2.2,0.547,0.438,0.964
274,203705,Josh Magette,1610612737,ATL,18,3,15,12.0,2.6,28.5,12.2,2.1,4.43,4.38,0.09,0.1,0.0,0.1,0.0,0.0,0.0
275,201177,Josh McRoberts,1610612742,DAL,2,2,0,2.9,0.0,3.5,1.0,0.1,1.19,0.57,0.0,0.5,0.0,0.0,0.0,0.0,0.0
276,1626196,Josh Richardson,1610612748,MIA,80,43,37,33.2,13.0,57.2,31.1,3.5,3.62,2.86,0.227,0.7,0.2,1.2,0.492,0.533,0.688
277,2746,Josh Smith,1610612740,NOP,3,2,1,3.9,0.7,8.3,4.3,0.3,1.89,0.8,0.08,0.3,0.0,1.0,0.0,0.0,0.667
278,201950,Jrue Holiday,1610612740,NOP,81,47,34,36.1,19.0,77.1,36.7,4.6,3.61,3.19,0.246,1.1,0.7,2.2,0.644,0.767,0.896
279,1627823,Juancho Hernangomez,1610612743,DEN,25,15,10,11.1,3.3,13.8,8.5,0.3,1.44,0.62,0.237,0.2,0.1,0.8,1.0,0.0,1.0
280,203944,Julius Randle,1610612747,LAL,82,35,47,26.7,16.1,51.1,29.4,2.2,2.61,1.35,0.316,3.1,4.6,5.5,0.563,0.467,0.978
281,202933,Julyan Stone,1610612766,CHA,23,10,13,7.6,0.8,10.5,4.3,0.7,4.25,4.0,0.079,0.0,0.0,0.1,0.0,0.0,0.0
282,1626147,Justin Anderson,1610612755,PHI,37,27,10,13.9,6.2,20.4,15.6,0.7,1.94,0.85,0.305,0.4,0.0,1.7,0.846,0.0,0.71
283,203200,Justin Holiday,1610612741,CHI,72,24,48,31.5,12.2,34.4,26.1,1.2,2.13,1.55,0.353,0.5,0.0,1.0,0.568,0.0,0.873
284,1628382,Justin Jackson,1610612758,SAC,68,21,47,22.2,6.7,27.3,20.0,0.8,1.82,0.68,0.244,0.5,0.1,1.1,0.667,0.0,1.065
285,1628383,Justin Patton,1610612750,MIN,1,0,1,3.7,2.0,4.0,2.0,0.2,2.63,1.25,0.5,0.0,1.0,1.0,0.0,2.0,2.0
286,1626159,Justise Winslow,1610612748,MIA,67,32,35,24.7,7.7,47.0,19.2,2.4,3.01,2.21,0.163,0.7,0.6,2.0,0.522,0.216,0.559
287,203994,Jusuf Nurkic,1610612757,POR,79,48,31,26.4,14.3,57.1,31.0,1.6,1.71,0.53,0.251,4.5,4.5,6.2,0.503,0.52,0.963
288,1628443,Kadeem Allen,1610612738,BOS,18,9,9,6.0,1.1,10.9,3.8,0.8,4.49,4.02,0.096,0.0,0.0,0.3,0.0,0.0,1.0
289,1626157,Karl-Anthony Towns,1610612750,MIN,82,47,35,35.6,21.3,69.3,42.3,2.0,1.75,0.53,0.307,3.6,6.5,6.1,0.622,0.675,1.077
290,202695,Kawhi Leonard,1610612759,SAS,9,5,4,23.3,16.2,41.3,25.1,3.2,4.7,3.98,0.392,0.8,2.6,1.4,1.143,0.348,0.692
291,1627770,Kay Felder,1610612765,DET,16,6,10,8.7,3.6,20.8,9.3,1.4,4.17,4.2,0.172,0.0,0.0,0.3,0.0,0.0,0.0
292,203482,Kelly Olynyk,1610612748,MIA,75,41,34,23.3,11.5,50.3,30.2,1.7,1.99,0.78,0.228,2.0,1.9,2.9,0.311,0.451,0.728
293,1626162,Kelly Oubre Jr.,1610612764,WAS,81,43,38,27.5,11.8,34.3,24.6,1.2,2.13,1.26,0.343,0.6,0.0,1.3,0.771,0.0,0.945
294,202689,Kemba Walker,1610612766,CHA,80,36,44,34.2,22.1,81.2,25.6,7.8,5.77,5.52,0.272,0.2,0.0,0.5,0.375,0.0,0.548
295,2570,Kendrick Perkins,1610612739,CLE,1,0,1,14.5,3.0,23.0,12.0,0.9,2.22,0.96,0.13,1.0,2.0,1.0,0.0,1.5,0.0
296,202702,Kenneth Faried,1610612743,DEN,32,16,16,14.4,5.9,20.4,11.3,0.6,1.62,0.56,0.288,1.4,1.1,5.0,0.591,0.471,0.855
297,203145,Kent Bazemore,1610612737,ATL,64,19,45,27.5,12.8,52.9,35.4,2.3,2.59,1.72,0.241,0.6,0.0,0.7,0.541,0.0,0.956
298,203484,Kentavious Caldwell-Pope,1610612747,LAL,74,31,43,33.2,13.4,42.6,24.1,1.7,2.33,1.65,0.315,0.6,0.0,1.3,0.561,0.0,0.811
299,201142,Kevin Durant,1610612744,GSW,68,49,19,34.2,26.4,67.9,39.1,3.9,3.45,2.42,0.388,1.7,4.3,1.7,0.649,0.534,1.19
300,201567,Kevin Love,1610612739,CLE,59,37,22,28.0,17.6,52.3,28.2,1.4,1.65,0.42,0.337,1.6,4.5,4.8,0.358,0.633,0.905
301,1626172,Kevon Looney,1610612744,GSW,66,45,21,13.8,4.0,21.1,12.5,0.6,1.62,0.62,0.191,1.2,0.8,2.8,0.354,0.208,0.732
302,203920,Khem Birch,1610612753,ORL,42,14,28,13.8,4.2,19.7,11.3,0.5,1.51,0.53,0.215,2.4,0.8,4.0,0.287,0.265,0.681
303,203114,Khris Middleton,1610612749,MIL,81,44,37,36.4,20.2,64.5,36.9,3.1,2.91,2.11,0.313,1.4,1.5,1.0,0.412,0.624,0.8
304,202691,Klay Thompson,1610612744,GSW,73,55,18,34.3,20.0,47.7,36.5,1.7,2.13,1.38,0.42,1.6,1.1,2.1,0.843,0.7,0.815
305,1628424,Kobi Simmons,1610612763,MEM,32,6,26,20.1,6.1,40.6,17.9,2.7,4.01,3.28,0.151,0.2,0.0,0.6,0.571,0.0,1.0
306,201585,Kosta Koufos,1610612758,SAC,71,22,49,19.6,6.7,34.9,19.3,1.0,1.7,0.41,0.192,4.3,1.4,5.4,0.362,0.438,0.813
307,1627739,Kris Dunn,1610612741,CHI,52,19,33,29.3,13.4,73.8,26.2,5.6,4.54,3.95,0.182,0.3,1.0,0.6,0.667,0.46,0.97
308,204001,Kristaps Porzingis,1610612752,NYK,48,22,26,32.4,22.7,61.0,40.2,1.7,1.64,0.55,0.371,5.4,8.0,4.3,0.669,0.687,0.83
309,203937,Kyle Anderson,1610612759,SAS,74,41,33,26.7,7.9,40.5,24.6,1.8,2.64,1.58,0.195,0.8,0.4,2.4,0.542,0.406,0.943
310,1627858,Kyle Collinsworth,1610612742,DAL,32,9,23,15.0,3.2,24.0,11.7,1.5,3.66,3.01,0.132,0.4,0.5,1.3,0.0,0.176,0.439
311,2594,Kyle Korver,1610612739,CLE,73,43,30,21.6,9.2,21.5,16.3,0.5,1.37,0.52,0.429,0.2,0.0,0.5,0.588,1.0,0.8
312,1628398,Kyle Kuzma,1610612747,LAL,77,34,43,31.2,16.1,48.1,27.2,1.8,2.19,1.19,0.335,1.3,1.6,2.4,0.515,0.508,0.941
313,200768,Kyle Lowry,1610612761,TOR,78,57,21,32.2,16.2,76.3,30.9,5.1,3.98,3.34,0.213,0.3,0.1,1.1,0.385,0.333,0.53
314,203124,Kyle O'Quinn,1610612752,NYK,76,27,49,17.9,7.1,38.1,20.5,1.2,1.83,0.32,0.187,2.8,1.2,3.7,0.443,0.394,0.993
315,202713,Kyle Singler,1610612760,OKC,11,5,6,3.3,1.3,4.8,3.6,0.1,1.85,1.45,0.264,0.2,0.0,0.5,2.0,0.0,1.2
316,202681,Kyrie Irving,1610612738,BOS,57,38,19,32.2,24.4,76.1,29.9,6.1,4.82,4.47,0.321,1.0,0.5,1.1,0.729,0.645,0.831
317,200746,LaMarcus Aldridge,1610612759,SAS,75,45,30,33.4,23.1,61.0,45.2,2.2,2.12,0.91,0.379,4.0,13.9,8.7,0.517,0.577,0.957
318,202362,Lance Stephenson,1610612754,IND,82,48,34,22.6,9.2,36.9,22.3,2.5,4.03,3.32,0.25,0.2,0.1,0.8,0.8,0.571,0.754
319,202498,Lance Thomas,1610612752,NYK,72,24,48,18.4,4.1,22.3,15.3,0.6,1.64,0.4,0.182,0.5,0.2,1.2,0.294,0.125,0.536
320,204038,Langston Galloway,1610612765,DET,58,28,30,14.9,6.2,20.5,13.4,1.1,3.11,2.56,0.303,0.2,0.0,0.3,0.429,0.0,0.563
321,203580,Larry Drew II,1610612740,NOP,10,6,4,7.0,1.7,14.3,5.3,1.3,5.35,4.92,0.119,0.0,0.0,0.3,0.0,0.0,0.0
322,1626204,Larry Nance Jr.,1610612739,CLE,66,32,34,21.5,8.7,36.8,18.5,0.9,1.5,0.42,0.236,3.5,0.9,6.5,0.433,0.344,0.853
323,1628374,Lauri Markkanen,1610612741,CHI,68,23,45,29.7,15.2,71.3,33.4,2.0,1.71,0.8,0.213,0.8,2.3,2.8,0.491,0.561,0.879
324,2544,LeBron James,1610612739,CLE,82,50,32,36.9,27.5,87.1,42.5,6.7,4.64,3.48,0.315,1.5,4.4,3.9,0.728,0.385,0.994
325,1628506,London Perrantes,1610612739,CLE,14,8,6,4.7,0.5,8.6,3.1,0.8,5.54,4.78,0.058,0.0,0.0,0.2,0.0,0.0,0.667
326,1628366,Lonzo Ball,1610612747,LAL,52,24,28,34.2,10.2,80.8,30.1,5.2,3.82,3.18,0.126,0.7,0.2,2.1,0.514,0.182,0.5
327,203485,Lorenzo Brown,1610612761,TOR,14,9,5,9.9,2.3,17.4,9.1,1.1,3.85,3.2,0.131,0.1,0.0,0.1,1.0,0.0,0.0
328,101150,Lou Williams,1610612746,LAC,79,42,37,32.8,22.6,65.5,34.5,4.3,3.98,3.12,0.344,0.4,0.0,0.8,0.941,2.0,0.836
329,201601,Luc Mbah a Moute,1610612745,HOU,61,52,9,25.6,7.5,26.4,16.0,0.8,1.85,1.01,0.286,0.6,0.3,1.0,0.824,0.333,0.9
330,203512,Lucas Nogueira,1610612761,TOR,49,36,13,8.5,2.5,11.7,6.7,0.2,1.04,0.19,0.213,0.8,0.1,1.9,0.125,0.0,0.895
331,1626242,Luis Montero,1610612765,DET,2,1,1,4.0,0.0,3.5,1.5,0.3,5.06,3.43,0.0,0.0,0.0,0.0,0.0,0.0,0.0
332,202337,Luke Babbitt,1610612748,MIA,49,15,34,14.1,5.1,21.6,13.2,0.6,1.54,0.62,0.235,0.4,0.1,0.4,0.5,0.667,0.833
333,1628379,Luke Kennard,1610612765,DET,73,34,39,20.0,7.6,22.9,18.9,1.0,2.61,1.7,0.334,0.7,0.0,0.6,0.694,0.0,0.535
334,1628436,Luke Kornet,1610612752,NYK,20,6,14,16.3,6.7,32.7,19.6,0.7,1.35,0.44,0.205,0.7,0.8,2.0,0.0,0.733,0.974
335,2736,Luol Deng,1610612747,LAL,1,0,1,13.1,2.0,12.0,6.0,0.4,1.9,0.83,0.167,0.0,0.0,0.0,0.0,0.0,0.0
336,1627781,Malachi Richardson,1610612761,TOR,26,8,18,12.4,3.4,14.8,11.7,0.5,1.93,0.89,0.232,0.1,0.1,0.2,1.0,0.0,0.8
337,1627763,Malcolm Brogdon,1610612749,MIL,47,25,22,29.8,13.0,55.7,26.9,3.3,3.56,3.35,0.233,0.9,0.3,1.6,0.364,0.375,0.816
338,1627098,Malcolm Delaney,1610612737,ATL,53,16,37,18.7,6.3,40.2,21.5,2.7,3.99,3.32,0.157,0.2,0.0,0.3,0.5,0.0,0.571
339,1626259,Malcolm Miller,1610612761,TOR,15,15,0,8.4,2.5,9.8,7.1,0.3,1.74,0.75,0.259,0.0,0.0,0.3,0.0,0.0,1.2
340,1627736,Malik Beasley,1610612743,DEN,62,34,28,9.4,3.2,9.4,6.7,0.3,2.01,1.29,0.337,0.2,0.0,0.4,0.545,0.0,1.0
341,1628370,Malik Monk,1610612766,CHA,63,26,37,13.5,6.7,23.5,10.3,1.9,4.9,4.65,0.284,0.1,0.0,0.3,0.4,0.0,1.0
342,1628493,Mangok Mathiang,1610612766,CHA,4,3,1,4.9,2.0,6.8,3.3,0.1,1.28,0.15,0.296,0.8,0.0,1.8,0.667,0.0,1.143
343,1938,Manu Ginobili,1610612759,SAS,65,39,26,20.0,8.9,33.6,24.1,1.8,3.25,2.37,0.264,0.3,0.1,0.6,0.118,0.0,0.707
344,202705,MarShon Brooks,1610612763,MEM,7,2,5,27.5,20.1,51.0,31.0,3.9,4.63,3.6,0.395,0.6,0.3,1.0,1.5,0.0,0.571
345,201188,Marc Gasol,1610612763,MEM,73,21,52,33.0,17.2,83.7,57.8,2.4,1.75,0.55,0.206,8.0,10.2,5.4,0.247,0.402,0.657
346,101162,Marcin Gortat,1610612764,WAS,82,43,39,25.3,8.4,41.9,21.7,1.0,1.45,0.31,0.201,4.8,2.2,7.2,0.334,0.584,0.77
347,201158,Marco Belinelli,1610612755,PHI,79,39,40,24.3,12.2,38.0,30.9,1.3,2.12,1.21,0.322,0.7,0.0,1.1,0.732,0.0,1.083
348,1627875,Marcus Georges-Hunt,1610612750,MIN,42,24,18,5.3,1.4,4.1,3.0,0.2,3.01,2.04,0.339,0.1,0.0,0.1,0.667,0.0,0.4
349,202694,Marcus Morris,1610612738,BOS,52,32,20,26.8,13.5,45.6,28.2,1.6,2.12,1.11,0.296,1.0,2.4,1.8,0.784,0.597,0.946
350,1627779,Marcus Paige,1610612766,CHA,5,4,1,5.6,2.4,12.0,5.8,1.1,5.3,4.77,0.2,0.0,0.0,0.2,0.0,0.0,0.0
351,203935,Marcus Smart,1610612738,BOS,51,35,16,30.1,10.3,57.8,30.8,3.7,3.84,3.11,0.179,0.6,1.5,1.6,0.586,0.32,0.536
352,201596,Mario Chalmers,1610612763,MEM,66,21,45,21.5,7.7,51.4,20.8,3.8,4.42,3.98,0.15,0.4,0.0,0.4,0.542,0.667,0.464
353,1626209,Mario Hezonja,1610612753,ORL,75,21,54,22.1,9.6,35.5,21.1,1.4,2.39,1.29,0.271,0.7,0.2,1.1,0.571,0.308,0.975
354,203900,Markel Brown,1610612745,HOU,4,4,0,7.9,1.3,10.8,4.5,0.6,3.2,2.72,0.116,0.0,0.3,0.0,0.0,0.0,0.0
355,1628365,Markelle Fultz,1610612755,PHI,14,11,3,18.1,7.1,43.6,15.3,3.7,5.02,4.7,0.164,0.5,0.0,1.0,0.571,0.0,1.143
356,202693,Markieff Morris,1610612764,WAS,73,37,36,27.0,11.5,38.1,25.7,1.0,1.57,0.53,0.302,2.4,3.5,3.0,0.439,0.552,0.886
357,1627737,Marquese Chriss,1610612756,PHX,72,19,53,21.2,7.7,38.9,20.5,1.0,1.52,0.41,0.199,1.9,1.5,2.8,0.3,0.37,0.786
358,203104,Marquis Teague,1610612763,MEM,3,0,3,24.6,3.7,54.3,17.3,4.1,4.47,3.69,0.067,0.0,0.0,0.0,0.0,0.0,0.0
359,201578,Marreese Speights,1610612753,ORL,52,15,37,13.0,7.7,25.6,17.3,0.6,1.47,0.35,0.302,0.6,1.7,0.9,0.267,0.607,0.733
360,1627850,Marshall Plumlee,1610612749,MIL,8,5,3,6.5,1.8,7.4,4.6,0.2,1.83,0.51,0.237,0.9,0.1,1.8,0.286,0.0,0.286
361,101107,Marvin Williams,1610612766,CHA,78,33,45,25.7,9.5,45.1,23.7,0.9,1.21,0.3,0.212,1.1,0.9,1.7,0.407,0.746,0.794
362,203486,Mason Plumlee,1610612743,DEN,74,40,34,19.5,7.1,31.3,20.3,1.1,2.05,0.93,0.227,2.1,1.6,5.4,0.386,0.446,0.821
363,1627856,Matt Costello,1610612759,SAS,4,2,2,8.0,1.0,11.0,6.0,0.3,1.56,0.45,0.091,0.5,0.3,2.0,0.0,0.0,0.25
364,1628475,Matt Williams Jr.,1610612748,MIA,3,1,2,3.8,1.7,3.7,3.0,0.1,2.23,1.73,0.455,0.0,0.0,0.0,0.0,0.0,0.0
365,203521,Matthew Dellavedova,1610612749,MIL,37,21,16,18.7,4.3,38.6,17.0,2.9,4.51,4.29,0.111,0.2,0.2,0.3,0.0,0.0,0.4
366,203090,Maurice Harkless,1610612757,POR,59,36,23,21.4,6.5,24.6,17.0,0.8,1.92,0.79,0.266,0.5,1.0,2.5,0.621,0.45,0.828
367,1628467,Maxi Kleber,1610612742,DAL,72,20,52,16.8,5.4,20.1,12.4,0.5,1.4,0.33,0.267,0.9,0.4,2.5,0.388,0.645,0.923
368,203086,Meyers Leonard,1610612757,POR,33,17,16,7.7,3.4,14.0,8.5,0.4,1.75,0.36,0.242,1.1,0.3,1.5,0.676,1.0,0.804
369,201563,Michael Beasley,1610612752,NYK,73,23,50,22.1,13.0,41.8,26.4,1.5,2.11,0.94,0.31,4.1,3.6,3.1,0.567,0.543,0.934
370,203487,Michael Carter-Williams,1610612766,CHA,52,23,29,16.1,4.6,34.5,12.4,2.9,5.08,4.74,0.133,0.3,0.1,1.2,0.176,0.0,0.617
371,203077,Michael Kidd-Gilchrist,1610612766,CHA,74,34,40,25.0,9.2,23.7,15.9,0.9,2.19,1.56,0.389,0.9,0.5,2.1,0.631,0.743,0.837
372,201144,Mike Conley,1610612763,MEM,12,7,5,31.1,17.1,69.0,34.8,5.3,4.6,4.48,0.248,0.3,0.0,0.4,0.0,0.0,0.6
373,1628455,Mike James,1610612740,NOP,36,11,25,19.1,9.3,46.4,15.6,4.2,5.4,5.31,0.201,0.2,0.0,0.5,0.375,0.0,0.111
374,203488,Mike Muscala,1610612737,ATL,53,14,39,20.0,7.6,31.2,18.7,0.7,1.28,0.36,0.245,1.8,0.2,2.3,0.379,0.333,0.76
375,203118,Mike Scott,1610612764,WAS,76,39,37,18.5,8.8,29.9,19.3,0.8,1.59,0.6,0.294,2.8,1.4,2.1,0.366,0.679,0.795
376,203101,Miles Plumlee,1610612737,ATL,55,19,36,16.7,4.3,24.4,15.1,0.7,1.62,0.47,0.176,4.0,0.5,4.4,0.198,0.333,0.713
377,1628462,Milos Teodosic,1610612746,LAC,45,29,16,25.2,9.5,61.4,24.7,3.6,3.53,3.0,0.155,0.3,0.0,0.2,0.308,0.0,0.4
378,1628495,Milton Doyle,1610612751,BKN,10,2,8,12.5,3.4,21.2,11.9,1.4,3.89,3.36,0.16,0.3,0.0,0.4,0.0,0.0,0.5
379,1627851,Mindaugas Kuzminskas,1610612752,NYK,1,0,1,1.9,0.0,2.0,2.0,0.1,2.42,1.0,0.0,0.0,0.0,2.0,0.0,0.0,0.0
380,203141,Mirza Teletovic,1610612749,MIL,9,4,5,15.8,7.6,28.7,15.9,0.6,1.24,0.34,0.264,0.1,0.2,0.4,0.0,1.0,0.5
381,1628420,Monte Morris,1610612743,DEN,3,2,1,8.4,3.3,20.3,8.0,1.8,5.33,5.33,0.164,0.0,0.0,0.0,0.0,0.0,0.0
382,1626149,Montrezl Harrell,1610612746,LAC,76,39,37,17.0,11.0,27.5,17.2,0.9,1.96,0.86,0.401,1.9,2.3,4.7,0.753,0.773,1.02
383,1627988,Myke Henry,1610612763,MEM,20,3,17,18.9,5.4,26.5,20.1,0.9,2.09,1.21,0.202,0.6,0.1,1.1,0.583,0.0,0.952
384,1626167,Myles Turner,1610612754,IND,65,39,26,28.2,12.7,48.9,27.9,1.1,1.4,0.34,0.26,3.4,2.4,3.7,0.498,0.619,0.849
385,203489,Nate Wolters,1610612762,UTA,5,3,2,3.8,0.4,7.4,4.2,0.5,4.43,3.27,0.054,0.0,0.0,0.0,0.0,0.0,0.0
386,1628513,Naz Mitrou-Long,1610612762,UTA,1,0,1,0.5,3.0,2.0,2.0,0.0,0.92,0.5,1.5,0.0,0.0,0.0,0.0,0.0,0.0
387,202357,Nemanja Bjelica,1610612750,MIN,67,38,29,20.5,6.8,32.1,16.8,0.9,1.72,0.74,0.211,0.3,0.2,1.4,0.522,0.267,0.979
388,2403,Nene,1610612745,HOU,52,42,10,14.6,6.5,24.0,14.1,0.6,1.62,0.44,0.273,3.3,0.6,4.2,0.637,0.781,0.761
389,203457,Nerlens Noel,1610612742,DAL,30,6,24,15.7,4.4,20.4,11.5,0.5,1.53,0.45,0.214,2.6,0.4,5.1,0.282,0.167,0.682
390,2555,Nick Collison,1610612760,OKC,13,9,4,4.4,2.0,9.6,5.8,0.3,1.65,0.61,0.208,0.9,0.1,1.4,0.917,2.0,0.944
391,201156,Nick Young,1610612744,GSW,80,56,24,17.4,7.3,19.5,14.4,0.7,2.03,1.23,0.372,0.3,0.1,0.4,0.87,0.333,1.065
392,201587,Nicolas Batum,1610612766,CHA,64,27,37,31.0,11.6,53.9,39.5,2.3,2.51,1.47,0.214,0.9,1.8,1.3,0.661,0.416,0.837
393,1627852,Nicolas Brussino,1610612737,ATL,4,0,4,2.5,0.0,2.0,1.3,0.1,2.09,1.25,0.0,0.0,0.0,0.3,0.0,0.0,0.0
394,1628502,Nigel Hayes,1610612758,SAC,9,6,3,13.6,3.0,21.3,12.8,0.6,1.71,0.48,0.141,1.4,0.8,0.3,0.154,0.571,0.0
395,203917,Nik Stauskas,1610612751,BKN,41,14,27,12.8,4.4,19.1,12.4,1.0,3.0,2.33,0.231,0.1,0.0,0.1,0.0,0.0,0.333
396,203999,Nikola Jokic,1610612743,DEN,75,43,32,32.6,18.5,86.2,51.0,3.1,2.13,0.99,0.214,4.2,7.5,6.3,0.318,0.455,0.803
397,202703,Nikola Mirotic,1610612740,NOP,55,34,21,27.2,15.6,56.2,27.2,1.7,1.81,0.72,0.278,0.9,2.8,3.3,0.725,0.558,0.961
398,202696,Nikola Vucevic,1610612753,ORL,57,17,40,29.5,16.5,65.4,42.9,1.8,1.69,0.58,0.252,5.2,6.0,6.8,0.453,0.363,0.887
399,203943,Noah Vonleh,1610612741,CHI,54,24,30,16.2,4.9,30.1,13.1,0.8,1.65,0.73,0.163,0.8,0.8,2.2,0.341,0.356,0.775
400,1626181,Norman Powell,1610612761,TOR,70,51,19,15.2,5.5,21.0,14.6,0.9,2.71,2.22,0.262,0.2,0.0,0.3,0.733,0.0,0.611
401,1628384,OG Anunoby,1610612761,TOR,74,51,23,20.0,5.9,18.0,13.0,0.5,1.76,0.97,0.33,0.2,0.1,1.0,0.647,0.167,0.944
402,1627855,Okaro White,1610612739,CLE,6,2,4,13.3,3.3,20.2,8.7,0.5,1.4,0.26,0.165,0.0,0.0,0.7,0.0,0.0,1.25
403,204179,Omari Johnson,1610612763,MEM,4,1,3,18.8,5.5,27.8,16.5,0.7,1.56,0.37,0.198,1.3,0.3,1.3,0.0,0.0,0.8
404,201600,Omer Asik,1610612741,CHI,18,7,11,10.1,1.2,13.2,5.5,0.3,1.34,0.38,0.092,1.1,0.1,1.3,0.45,0.0,0.292
405,201956,Omri Casspi,1610612744,GSW,53,40,13,14.0,5.7,24.3,14.0,0.7,1.78,0.88,0.233,0.9,0.5,2.9,0.56,0.393,0.895
406,203490,Otto Porter Jr.,1610612764,WAS,77,42,35,31.6,14.7,48.4,28.6,1.7,2.16,1.13,0.305,1.5,0.7,2.4,0.679,0.6,0.914
407,1628408,PJ Dozier,1610612760,OKC,2,1,1,1.6,1.0,2.5,1.5,0.1,2.68,2.2,0.4,0.0,0.0,0.0,0.0,0.0,0.0
408,200782,PJ Tucker,1610612745,HOU,82,65,17,27.8,6.1,32.3,15.9,0.7,1.38,0.56,0.189,0.6,0.1,1.4,0.042,0.0,0.518
409,1627783,Pascal Siakam,1610612761,TOR,81,59,22,20.7,7.3,37.7,21.5,1.1,1.73,0.84,0.193,1.0,0.3,2.8,0.53,0.364,0.872
410,1626192,Pat Connaughton,1610612757,POR,82,49,33,18.1,5.4,21.5,15.8,0.8,2.24,1.3,0.25,0.3,0.0,0.9,0.619,0.0,0.703
411,201976,Patrick Beverley,1610612746,LAC,11,5,6,30.3,12.2,63.5,30.8,4.2,3.93,3.61,0.192,0.8,0.0,1.3,0.222,0.0,0.429
412,1627775,Patrick McCaw,1610612744,GSW,57,41,16,16.9,4.0,26.2,14.5,1.2,2.82,2.03,0.153,0.3,0.0,0.9,0.889,0.0,0.717
413,202335,Patrick Patterson,1610612760,OKC,80,48,32,15.3,3.7,20.7,11.5,0.5,1.32,0.43,0.18,0.4,0.3,0.8,0.276,0.455,0.651
414,201988,Patty Mills,1610612759,SAS,82,47,35,25.7,10.0,47.1,25.0,3.1,3.99,4.21,0.212,0.3,0.0,0.4,0.545,0.0,0.706
415,2200,Pau Gasol,1610612759,SAS,77,45,32,23.5,10.1,53.1,32.6,1.4,1.55,0.38,0.19,4.9,3.1,4.6,0.338,0.423,0.821
416,202331,Paul George,1610612760,OKC,78,47,31,36.6,22.0,56.7,37.7,2.8,2.99,2.28,0.388,0.9,1.0,1.7,0.486,0.403,0.699
417,200794,Paul Millsap,1610612743,DEN,38,22,16,30.1,14.6,48.8,33.0,1.9,2.34,1.29,0.299,1.2,4.4,3.1,0.591,0.581,0.828
418,1627835,Paul Zipser,1610612741,CHI,54,17,37,15.3,4.0,28.8,15.9,1.0,1.99,1.14,0.14,0.3,0.1,0.6,0.143,1.0,0.6
419,203112,Quincy Acy,1610612751,BKN,68,25,43,19.5,5.9,32.8,20.0,0.7,1.27,0.25,0.18,0.5,0.2,0.9,0.429,0.357,0.629
420,202347,Quincy Pondexter,1610612741,CHI,23,6,17,8.5,2.0,12.4,7.6,0.4,1.93,0.91,0.157,0.1,0.0,0.9,1.333,0.0,0.65
421,1626188,Quinn Cook,1610612744,GSW,33,21,12,22.4,9.5,49.7,24.1,3.1,3.69,3.73,0.19,0.6,0.0,0.8,0.476,0.0,0.571
422,1626154,RJ Hunter,1610612745,HOU,5,3,2,9.0,3.8,12.8,5.8,0.9,4.45,4.11,0.297,0.0,0.0,0.4,0.0,0.0,2.5
423,200765,Rajon Rondo,1610612740,NOP,65,41,24,26.2,8.3,69.3,25.3,4.7,4.08,3.44,0.119,0.6,0.1,1.1,0.158,0.0,0.377
424,201196,Ramon Sessions,1610612764,WAS,28,10,18,14.0,4.9,32.0,11.7,2.7,5.0,4.74,0.152,0.2,0.0,0.3,1.167,0.0,0.444
425,1626173,Rashad Vaughn,1610612753,ORL,28,13,15,7.6,2.3,7.8,5.7,0.3,2.02,1.39,0.295,0.1,0.0,0.1,2.0,0.0,0.75
426,203526,Raul Neto,1610612762,UTA,41,28,13,12.2,4.5,27.6,12.2,2.1,4.63,4.59,0.162,0.2,0.0,0.4,0.571,0.0,1.0
427,101109,Raymond Felton,1610612760,OKC,80,48,32,16.7,6.8,35.4,13.7,3.2,5.46,5.06,0.193,0.2,0.0,0.3,0.706,0.0,0.818
428,203493,Reggie Bullock,1610612765,DET,62,32,30,27.9,11.3,30.2,25.0,0.8,1.66,0.66,0.372,0.6,0.0,1.7,0.65,0.0,0.877
429,203687,Reggie Hearn,1610612765,DET,3,3,0,2.2,1.0,1.0,1.0,0.1,3.88,2.33,1.0,0.0,0.0,0.0,0.0,0.0,0.0
430,202704,Reggie Jackson,1610612765,DET,45,27,18,26.7,14.6,68.8,22.8,6.3,5.53,5.26,0.212,0.3,0.1,0.7,0.571,0.5,0.485
431,2210,Richard Jefferson,1610612743,DEN,20,10,10,8.2,1.5,9.0,6.3,0.3,2.33,1.26,0.168,0.1,0.0,0.8,0.0,0.0,0.6
432,1626158,Richaun Holmes,1610612755,PHI,47,30,17,15.5,6.6,27.6,18.6,0.7,1.42,0.42,0.238,3.9,0.4,3.9,0.16,0.444,1.027
433,201937,Ricky Rubio,1610612762,UTA,77,44,33,29.3,13.1,77.2,33.0,5.9,4.61,4.36,0.17,0.5,0.0,0.4,0.343,0.0,0.235
434,203496,Robert Covington,1610612755,PHI,79,51,28,31.7,12.7,46.9,30.0,1.1,1.44,0.47,0.271,0.8,0.1,1.5,0.468,0.571,0.78
435,201577,Robin Lopez,1610612741,CHI,64,23,41,26.4,11.8,34.9,28.8,1.1,1.84,0.74,0.338,6.4,4.1,6.8,0.538,0.41,0.843
436,203918,Rodney Hood,1610612739,CLE,60,29,31,26.9,14.7,37.8,27.8,1.9,3.03,2.26,0.389,0.5,0.2,0.7,0.844,0.917,0.568
437,203585,Rodney McGruder,1610612748,MIA,18,11,7,16.6,5.1,19.4,13.7,0.6,1.91,1.11,0.261,0.5,0.0,1.4,0.444,0.0,0.885
438,1628681,Rodney Purvis,1610612753,ORL,16,5,11,18.1,6.0,21.3,15.3,0.9,2.49,1.85,0.282,0.4,0.0,0.3,0.0,0.0,0.0
439,1627758,Ron Baker,1610612752,NYK,28,11,17,13.1,2.1,19.2,12.2,0.9,2.95,2.41,0.112,0.1,0.0,0.4,0.5,0.0,1.0
440,1626178,Rondae Hollis-Jefferson,1610612751,BKN,66,25,41,28.0,13.8,59.8,34.1,2.1,2.07,1.2,0.231,2.3,4.2,4.2,0.572,0.535,0.7
441,1626220,Royce O'Neale,1610612762,UTA,69,43,26,16.7,5.0,22.1,14.4,1.0,2.81,2.3,0.225,0.3,0.0,0.6,0.429,0.0,0.526
442,200752,Rudy Gay,1610612759,SAS,57,36,21,21.6,11.5,40.1,21.9,1.6,2.44,1.39,0.287,1.6,3.1,2.3,0.404,0.701,0.955
443,203497,Rudy Gobert,1610612762,UTA,56,37,19,32.4,13.5,59.5,33.7,1.5,1.49,0.35,0.227,6.7,0.6,10.8,0.405,0.143,0.88
444,201566,Russell Westbrook,1610612760,OKC,78,47,31,36.4,25.3,96.1,30.6,9.2,5.72,5.33,0.263,1.2,0.9,2.1,0.696,0.58,0.675
445,201583,Ryan Anderson,1610612745,HOU,66,52,14,26.1,9.3,31.0,18.8,0.7,1.39,0.45,0.301,0.4,0.3,1.7,0.28,0.667,0.699
446,1627853,Ryan Arcidiacono,1610612741,CHI,24,6,18,12.7,2.0,24.5,8.9,1.5,3.78,3.47,0.082,0.0,0.0,0.1,0.0,0.0,1.0
447,1626257,Salah Mejri,1610612742,DAL,61,21,40,11.9,3.5,17.3,9.0,0.4,1.45,0.33,0.203,1.9,0.2,3.2,0.342,0.833,0.809
448,1626155,Sam Dekker,1610612746,LAC,73,36,37,12.1,4.2,18.4,9.8,0.5,1.67,0.86,0.225,0.3,0.1,1.4,1.273,0.333,0.879
449,203816,Scotty Hopson,1610612742,DAL,1,0,1,8.4,1.0,7.0,2.0,0.3,2.18,1.71,0.143,0.0,0.0,0.0,0.0,0.0,0.0
450,203930,Sean Kilpatrick,1610612741,CHI,52,22,30,12.3,6.3,17.9,11.8,0.9,3.09,2.53,0.354,0.3,0.0,0.3,0.625,0.0,0.692
451,1628400,Semi Ojeleye,1610612738,BOS,70,47,23,16.2,2.8,20.3,10.5,0.5,1.59,0.56,0.137,0.2,0.1,0.7,0.471,0.0,0.532
452,201586,Serge Ibaka,1610612761,TOR,76,53,23,27.5,12.6,42.1,25.5,1.1,1.62,0.46,0.3,1.3,1.1,2.5,0.735,0.889,0.865
453,203498,Shabazz Muhammad,1610612749,MIL,43,25,18,9.7,5.0,10.6,8.4,0.4,2.19,1.33,0.468,0.5,1.1,1.5,1.045,0.66,0.922
454,203894,Shabazz Napier,1610612757,POR,74,46,28,20.7,8.7,36.1,16.8,2.8,4.61,4.24,0.241,0.3,0.0,0.6,0.391,0.0,0.415
455,203499,Shane Larkin,1610612738,BOS,51,36,15,14.6,4.5,27.4,12.3,2.1,4.61,4.61,0.166,0.2,0.0,0.3,0.625,0.0,0.692
456,1627885,Shaquille Harrison,1610612756,PHX,23,3,20,16.7,6.6,33.4,14.3,2.4,4.22,3.81,0.198,0.1,0.0,0.7,0.0,0.0,0.733
457,2733,Shaun Livingston,1610612744,GSW,71,49,22,15.9,5.5,32.8,14.6,1.9,3.43,2.89,0.169,0.7,1.2,1.7,0.633,0.593,0.828
458,202714,Shelvin Mack,1610612753,ORL,69,21,48,19.8,6.9,43.6,17.9,3.6,4.88,4.74,0.157,0.3,0.1,0.3,0.5,0.0,0.739
459,1628414,Sindarius Thornwell,1610612746,LAC,73,36,37,15.8,3.9,17.7,11.2,0.6,2.16,1.46,0.219,0.2,0.0,0.8,0.4,0.0,0.661
460,1627746,Skal Labissiere,1610612758,SAC,60,19,41,20.7,8.7,33.9,21.1,1.0,1.84,0.52,0.258,4.0,3.8,4.2,0.315,0.408,0.693
461,203524,Solomon Hill,1610612740,NOP,12,8,4,15.6,2.4,20.6,10.3,0.8,2.21,1.45,0.117,0.5,0.1,1.3,0.0,0.0,0.313
462,203915,Spencer Dinwiddie,1610612751,BKN,78,27,51,28.9,12.7,70.7,28.9,6.0,5.07,4.28,0.179,0.1,0.0,0.5,0.2,2.0,0.902
463,1626169,Stanley Johnson,1610612765,DET,69,33,36,27.4,8.7,28.4,20.6,1.4,2.94,2.07,0.305,0.3,0.4,0.8,0.45,0.4,0.769
464,201939,Stephen Curry,1610612744,GSW,51,41,10,32.0,26.4,77.0,31.1,5.1,3.97,3.71,0.343,1.1,0.2,1.6,0.945,0.667,0.901
465,1628425,Sterling Brown,1610612749,MIL,54,26,28,14.4,4.0,16.0,9.9,0.5,1.88,1.17,0.251,0.3,0.0,0.5,0.471,0.0,0.577
466,203500,Steven Adams,1610612760,OKC,75,43,32,32.8,13.9,40.0,26.0,0.9,1.41,0.34,0.348,5.0,2.0,13.0,0.614,0.682,0.813
467,204456,T.J. McConnell,1610612755,PHI,75,50,25,22.4,6.2,53.2,21.5,3.6,4.04,3.75,0.117,0.3,0.0,0.7,0.667,0.0,0.444
468,1628388,TJ Leaf,1610612754,IND,53,31,22,8.7,2.9,11.7,6.5,0.3,1.47,0.47,0.251,0.4,0.2,0.9,0.5,0.5,0.86
469,203933,TJ Warren,1610612756,PHX,65,18,47,33.0,19.6,45.1,34.3,1.7,2.31,1.46,0.434,3.2,1.8,4.6,0.74,0.686,1.054
470,201959,Taj Gibson,1610612750,MIN,82,47,35,33.2,12.2,49.8,27.2,1.2,1.48,0.56,0.245,3.7,2.7,7.1,0.521,0.628,0.91
471,204028,Tarik Black,1610612745,HOU,51,40,11,10.5,3.5,18.6,9.3,0.5,1.71,0.37,0.19,1.1,0.2,2.8,0.732,0.25,0.785
472,1627752,Taurean Prince,1610612737,ATL,81,24,57,30.0,14.1,48.0,32.9,2.1,2.62,1.63,0.294,0.3,0.1,0.8,0.5,0.4,0.902
473,1628390,Terrance Ferguson,1610612760,OKC,59,37,22,12.6,3.2,8.2,6.7,0.2,1.41,0.72,0.389,0.3,0.0,0.5,0.933,0.0,0.621
474,203082,Terrence Ross,1610612753,ORL,24,10,14,25.0,8.7,29.8,21.1,1.1,2.22,1.44,0.292,0.5,0.1,0.4,0.308,0.0,1.1
475,1626179,Terry Rozier,1610612738,BOS,77,51,26,26.0,11.5,58.2,24.7,4.1,4.18,3.68,0.197,0.5,0.0,0.9,0.343,2.0,0.429
476,200757,Thabo Sefolosha,1610612762,UTA,38,16,22,21.2,8.2,34.2,20.9,1.1,1.97,1.04,0.24,1.1,0.1,1.6,0.775,0.0,0.814
477,201152,Thaddeus Young,1610612754,IND,81,48,33,32.2,11.8,48.7,26.4,1.4,1.7,0.7,0.242,2.0,3.4,4.9,0.5,0.505,0.885
478,1628418,Thomas Bryant,1610612747,LAL,15,7,8,4.8,1.5,6.8,3.7,0.2,1.5,0.34,0.216,0.5,0.3,0.7,0.0,0.0,1.0
479,1627748,Thon Maker,1610612749,MIL,73,40,33,16.8,4.8,22.5,11.9,0.5,1.46,0.22,0.215,2.0,0.2,3.0,0.26,0.333,0.573
480,204025,Tim Frazier,1610612764,WAS,59,31,28,14.2,3.0,32.7,10.0,2.7,4.94,4.64,0.091,0.2,0.0,0.4,0.182,0.0,0.217
481,203501,Tim Hardaway Jr.,1610612752,NYK,57,19,38,33.1,17.5,53.9,39.9,2.2,2.49,1.45,0.324,1.1,0.0,1.2,0.823,0.0,1.086
482,1627817,Tim Quarterman,1610612745,HOU,3,2,1,4.2,1.3,8.7,3.0,0.7,4.77,4.12,0.154,0.0,0.0,0.0,0.0,0.0,0.0
483,202389,Timofey Mozgov,1610612751,BKN,29,11,18,11.9,4.4,18.4,12.2,0.4,1.41,0.38,0.241,1.3,1.2,3.1,0.432,0.389,0.733
484,1627789,Timothe Luwawu-Cabarrot,1610612755,PHI,51,29,22,15.6,5.7,20.2,16.2,0.6,1.69,0.94,0.284,0.2,0.0,0.9,1.111,0.0,0.844
485,202699,Tobias Harris,1610612746,LAC,80,39,41,33.3,18.6,70.2,37.9,2.5,2.12,1.18,0.265,0.9,1.7,1.6,0.735,0.752,0.721
486,203107,Tomas Satoransky,1610612764,WAS,73,39,34,22.5,7.2,48.1,18.4,3.5,4.36,4.25,0.149,0.4,0.2,1.5,0.387,0.769,0.72
487,2754,Tony Allen,1610612740,NOP,22,12,10,12.4,4.7,14.3,8.5,0.5,2.09,1.32,0.327,0.5,0.2,2.2,0.909,0.5,0.729
488,1628396,Tony Bradley,1610612762,UTA,9,6,3,3.2,0.9,4.3,2.7,0.1,1.53,0.49,0.205,0.9,0.2,0.8,0.5,0.0,0.571
489,2225,Tony Parker,1610612759,SAS,55,32,23,19.5,7.7,46.2,15.4,4.3,5.55,5.88,0.166,0.4,0.0,0.3,0.2,0.0,0.444
490,203503,Tony Snell,1610612749,MIL,74,42,32,27.4,6.8,25.7,16.7,0.7,1.58,0.75,0.266,0.3,0.0,0.4,0.792,0.0,0.714
491,1628470,Torrey Craig,1610612743,DEN,39,22,17,16.1,4.2,16.9,10.7,0.5,1.79,0.92,0.248,0.2,0.1,1.8,0.444,0.0,0.841
492,204037,Travis Wear,1610612747,LAL,17,7,10,13.4,4.4,19.5,9.8,0.4,1.38,0.53,0.227,0.2,0.3,0.2,1.0,0.8,1.0
493,1626203,Treveon Graham,1610612766,CHA,63,28,35,16.7,4.3,19.4,11.7,0.5,1.68,0.83,0.223,0.3,0.1,0.9,0.35,0.0,0.667
494,2772,Trevor Ariza,1610612745,HOU,67,51,16,33.9,11.7,38.0,26.5,1.1,1.8,0.87,0.307,0.3,0.1,0.8,0.739,0.286,0.404
495,202344,Trevor Booker,1610612754,IND,67,36,31,17.1,6.4,34.0,19.3,0.9,1.66,0.6,0.187,2.0,1.8,3.8,0.478,0.39,0.763
496,203504,Trey Burke,1610612752,NYK,36,10,26,21.8,12.8,55.9,21.0,4.8,5.11,4.88,0.229,0.3,0.1,0.4,0.364,0.667,1.0
497,1626168,Trey Lyles,1610612743,DEN,73,41,32,19.1,9.9,35.5,20.2,1.2,1.95,0.86,0.279,0.7,1.8,2.0,0.82,0.541,0.972
498,203590,Trey McKinney-Jones,1610612754,IND,1,1,0,1.2,0.0,1.0,1.0,0.0,2.28,0.0,0.0,0.0,0.0,0.0,0.0,0.0,0.0
499,202684,Tristan Thompson,1610612739,CLE,53,27,26,20.2,5.8,28.3,12.9,0.7,1.52,0.44,0.205,1.9,0.5,5.7,0.466,0.385,0.717
500,203584,Troy Daniels,1610612756,PHX,79,20,59,20.5,8.9,24.4,18.6,0.7,1.73,1.04,0.364,0.4,0.0,0.2,0.645,1.0,0.588
501,1627786,Troy Williams,1610612752,NYK,21,7,14,14.6,6.3,19.2,14.3,0.5,1.69,0.74,0.33,0.4,0.0,1.7,1.125,0.0,0.829
502,1628463,Tyler Cavanaugh,1610612737,ATL,38,11,27,13.2,4.8,22.2,13.1,0.5,1.32,0.36,0.217,1.4,0.1,1.8,0.148,0.0,0.686
503,1628416,Tyler Dorsey,1610612737,ATL,56,15,41,17.4,7.2,26.8,19.4,1.3,2.92,2.23,0.27,0.3,0.0,0.5,0.471,0.0,0.643
504,203898,Tyler Ennis,1610612747,LAL,54,22,32,12.7,4.1,28.3,10.9,2.1,4.4,4.06,0.147,0.3,0.0,0.4,0.75,0.0,0.571
505,204020,Tyler Johnson,1610612748,MIA,71,38,33,28.5,11.6,42.1,27.6,2.0,2.87,2.27,0.275,0.5,0.0,0.7,0.486,0.0,0.585
506,1628399,Tyler Lydon,1610612743,DEN,1,1,0,2.2,0.0,4.0,3.0,0.1,1.01,0.5,0.0,0.0,0.0,1.0,0.0,0.0,0.0
507,1627755,Tyler Ulis,1610612756,PHX,71,20,51,23.4,7.8,54.2,17.7,4.6,5.14,5.38,0.144,0.4,0.0,0.3,0.16,0.0,0.389
508,203092,Tyler Zeller,1610612749,MIL,64,26,38,16.7,6.5,22.1,15.0,0.5,1.33,0.35,0.296,2.2,0.4,4.6,0.486,0.519,0.911
509,201936,Tyreke Evans,1610612763,MEM,52,19,33,30.9,19.4,72.9,37.4,5.8,4.79,4.08,0.266,0.5,0.4,1.3,0.643,0.5,0.536
510,1627820,Tyrone Wallace,1610612746,LAC,30,17,13,28.4,9.7,44.2,21.9,2.3,3.14,2.69,0.22,0.7,0.3,1.3,0.762,0.667,0.625
511,2199,Tyson Chandler,1610612756,PHX,46,15,31,25.0,6.5,33.9,18.3,0.9,1.56,0.28,0.192,3.4,0.5,6.6,0.173,0.091,0.875
512,1626145,Tyus Jones,1610612750,MIN,82,47,35,17.9,5.1,38.3,12.8,3.1,4.81,4.27,0.132,0.2,0.0,0.3,0.316,0.0,0.769
513,2617,Udonis Haslem,1610612748,MIA,14,9,5,5.1,0.6,5.1,3.9,0.2,2.04,0.66,0.113,0.6,0.6,0.4,0.0,0.25,0.667
514,203505,Vander Blue,1610612747,LAL,5,1,4,9.0,0.6,5.6,4.2,0.3,2.75,1.79,0.107,0.0,0.0,0.0,0.0,0.0,0.0
515,203506,Victor Oladipo,1610612754,IND,75,48,27,34.0,23.1,64.3,36.0,4.4,4.13,3.6,0.36,1.1,0.0,1.1,0.585,0.0,0.894
516,1713,Vince Carter,1610612758,SAC,58,20,38,17.7,5.4,28.3,18.4,0.9,1.94,0.71,0.191,0.9,1.3,0.7,0.154,0.333,0.286
517,1626205,Vincent Hunter,1610612763,MEM,4,0,4,1.8,1.5,2.8,2.0,0.1,1.91,1.27,0.545,0.3,0.5,0.8,2.0,1.0,0.667
518,1627735,Wade Baldwin IV,1610612757,POR,7,4,3,11.5,5.4,18.3,8.0,1.4,4.52,4.02,0.297,0.0,0.0,0.3,0.0,0.0,0.5
519,1627215,Walter Lemon Jr.,1610612740,NOP,5,4,1,7.0,3.4,12.6,5.8,0.9,4.22,3.68,0.27,0.0,0.0,0.0,0.0,0.0,0.0
520,201961,Wayne Ellington,1610612748,MIA,76,41,35,26.6,11.3,29.9,23.9,0.8,1.59,0.77,0.376,0.3,0.0,0.4,0.583,3.0,0.677
521,1627782,Wayne Selden,1610612763,MEM,35,10,25,19.8,9.3,29.1,23.1,1.5,3.03,2.24,0.32,0.3,0.0,0.5,0.5,0.0,0.632
522,1628411,Wes Iwundu,1610612753,ORL,62,18,44,16.5,3.7,18.3,11.3,0.7,2.45,1.57,0.202,0.3,0.0,1.0,0.8,0.0,0.852
523,202325,Wesley Johnson,1610612746,LAC,74,38,36,20.1,5.4,20.8,13.2,0.5,1.45,0.59,0.262,0.4,0.1,0.9,0.654,0.5,0.783
524,202083,Wesley Matthews,1610612742,DAL,63,20,43,33.8,12.7,46.8,34.5,1.8,2.28,1.41,0.272,1.4,2.5,1.2,0.124,0.346,0.513
525,203115,Will Barton,1610612743,DEN,81,46,35,33.1,15.7,58.5,33.3,3.8,3.89,3.09,0.268,0.5,0.1,1.4,0.667,0.0,1.009
526,1626161,Willie Cauley-Stein,1610612758,SAC,73,23,50,28.0,12.8,54.8,33.0,1.7,1.85,0.64,0.233,7.1,3.9,6.6,0.346,0.489,0.831
527,203186,Willie Reed,1610612765,DET,42,20,22,10.2,4.6,12.5,7.2,0.4,1.7,0.59,0.372,1.1,1.0,2.9,0.6,0.442,1.132
528,1626195,Willy Hernangomez,1610612766,CHA,48,20,28,10.3,5.1,18.5,10.0,0.5,1.7,0.54,0.276,1.9,1.4,3.2,0.319,0.406,0.771
529,201163,Wilson Chandler,1610612743,DEN,74,41,33,31.7,10.0,38.4,27.0,1.5,2.38,1.28,0.26,0.5,1.4,3.3,0.286,0.413,0.653
530,204098,Xavier Munford,1610612749,MIL,6,2,4,3.5,0.5,7.3,2.8,0.6,4.82,3.98,0.068,0.2,0.0,0.0,0.0,0.0,0.0
531,1628504,Xavier Rathan-Mayes,1610612763,MEM,5,0,5,23.6,5.8,54.8,22.6,3.8,4.14,3.52,0.106,0.0,0.0,0.6,0.0,0.0,0.333
532,202918,Xavier Silas,1610612738,BOS,2,1,1,3.7,0.0,4.5,3.5,0.2,2.22,1.56,0.0,0.5,0.0,0.5,0.0,0.0,0.0
533,1627812,Yogi Ferrell,1610612742,DAL,82,24,58,27.8,10.2,45.7,22.0,3.0,3.97,3.45,0.224,0.6,0.0,0.4,0.271,0.0,0.606
534,1628380,Zach Collins,1610612757,POR,66,41,25,15.8,4.4,19.0,12.0,0.6,1.85,0.69,0.232,0.8,1.4,1.6,0.4,0.323,0.689
535,203897,Zach LaVine,1610612741,CHI,24,9,15,27.3,16.7,46.1,28.7,3.3,4.34,3.73,0.362,0.3,0.2,0.8,1.0,0.5,1.0
536,2216,Zach Randolph,1610612758,SAC,59,18,41,25.6,14.5,51.3,35.8,1.8,2.07,0.84,0.283,4.3,8.5,4.4,0.295,0.529,0.927
537,2585,Zaza Pachulia,1610612744,GSW,69,47,22,14.1,5.4,26.1,15.6,0.6,1.48,0.44,0.207,2.4,1.2,3.9,0.545,0.247,0.822
538,1627753,Zhou Qi,1610612745,HOU,18,14,4,6.9,1.2,8.2,4.4,0.2,1.47,0.49,0.149,0.2,0.2,0.7,0.5,0.0,0.667
